-- phpMyAdmin SQL Dump
-- version 4.2.5
-- http://www.phpmyadmin.net
--
-- Хост: localhost
-- Время создания: Сен 04 2014 г., 08:30
-- Версия сервера: 5.6.17
-- Версия PHP: 5.5.11

SET SQL_MODE = "NO_AUTO_VALUE_ON_ZERO";
SET time_zone = "+00:00";


/*!40101 SET @OLD_CHARACTER_SET_CLIENT=@@CHARACTER_SET_CLIENT */;
/*!40101 SET @OLD_CHARACTER_SET_RESULTS=@@CHARACTER_SET_RESULTS */;
/*!40101 SET @OLD_COLLATION_CONNECTION=@@COLLATION_CONNECTION */;
/*!40101 SET NAMES utf8 */;

--
-- База данных: `abn`
--

-- --------------------------------------------------------

--
-- Структура таблицы `tbl_banners`
--

CREATE TABLE IF NOT EXISTS `tbl_banners` (
`id` int(11) unsigned NOT NULL,
  `title` varchar(255) DEFAULT NULL COMMENT 'Заголовок',
  `image` varchar(255) DEFAULT NULL COMMENT 'Изображение',
  `url` varchar(255) DEFAULT NULL COMMENT 'Ссылка',
  `place` varchar(50) NOT NULL,
  `position` int(11) DEFAULT '0' COMMENT 'Позиция',
  `is_visible` tinyint(1) DEFAULT '1' COMMENT 'Видимость'
) ENGINE=InnoDB  DEFAULT CHARSET=utf8 AUTO_INCREMENT=4 ;

--
-- Дамп данных таблицы `tbl_banners`
--

INSERT INTO `tbl_banners` (`id`, `title`, `image`, `url`, `place`, `position`, `is_visible`) VALUES
(1, 'Новый ббанер', 'e5b967a62d16198f6a24045e56704179.jpg', 'http://google.com', 'Банки', NULL, 1),
(3, 'В шапку', '89c0e98880d9127fb9b36760b8379b15.gif', '/subscribe', 'Шапка', NULL, 1);

-- --------------------------------------------------------

--
-- Структура таблицы `tbl_images`
--

CREATE TABLE IF NOT EXISTS `tbl_images` (
`id` int(11) NOT NULL,
  `id_news` int(11) NOT NULL,
  `image` varchar(255) DEFAULT NULL COMMENT 'Изображение',
  `author` varchar(255) DEFAULT NULL,
  `text` text COMMENT 'Описание',
  `is_visible` tinyint(1) DEFAULT '1' COMMENT 'Видимость'
) ENGINE=InnoDB  DEFAULT CHARSET=utf8 AUTO_INCREMENT=77 ;

--
-- Дамп данных таблицы `tbl_images`
--

INSERT INTO `tbl_images` (`id`, `id_news`, `image`, `author`, `text`, `is_visible`) VALUES
(39, 56, 'c058800ebc436e26fe308f9bf4eb7d45.jpg', '', '', 1),
(41, 44, '3cafab890548c86aac51f2437041c4b0.jpg', '', '', 1),
(42, 45, '8a20f349a56d0a9a7d9fb6fee426513d.jpg', '', '', 1),
(43, 41, '4848071bf68b109d61a14f168ac4701e.jpg', '', '', 1),
(44, 43, '296ccc1a1a6e048437fb7730986c26a1.jpg', '', '', 1),
(45, 39, 'f9a4b7ac4ed04ac56efaba770e96c8fa.jpg', '', '', 1),
(46, 42, '9dc06be941d6e5424d38bd7559366d8b.jpg', '', '', 1),
(48, 38, '5777928f5e2ec824ebf5a7a7ad0f85ab.jpg', '', '', 1),
(49, 46, '23751aaf4b7de5e77b20c95ea3695450.jpg', '', '', 1),
(50, 62, 'e84dc57efa7fdd3510b82892da5529c2.jpeg', '', '', 1),
(51, 63, '3a249711ab72eb7eb97bdc8f23b5c639.jpeg', '', '', 1),
(52, 64, '919e7e060a250d537309121b79aae6d9.jpeg', '', '', 1),
(53, 65, 'b2a61c581bceef4e2876d33edc8ba65a.jpeg', '', '', 1),
(54, 61, '4a51f82e8be1acace303aba99418d3fc.jpeg', '', '', 1),
(55, 67, 'f557bcf8a1445f6e82a61b87e44963b2.jpeg', '', '', 1),
(56, 68, '4b61f475a5b1152cbafb6bdaf0121e62.jpeg', '', '', 1),
(57, 69, 'e1e52c1beeda3736c1352cfbdeb1a7c2.gif', '', '', 1),
(58, 70, '4f2236581eef63c2a5dbc9332943cd42.gif', '', '', 1),
(59, 72, '8bd1be63ada3f756a3ec1902334b74cf.jpeg', '', '', 1),
(60, 73, '508377f296be47ee1f147f213e0a6ea4.jpeg', '', '', 1),
(61, 74, 'ca85c942d4f3468d7c3d136925b3d0d0.jpeg', 'Давид Мдзинаришвили / Reuters', '', 1),
(62, 76, '9d8d840d715369b0b687e8526ca83cc0.jpg', '', '', 1),
(63, 77, '5b6941a342ac676b352a20e85ab65fe3.jpeg', '', '', 1),
(64, 78, 'dea2eb28d2540a139891736291adc410.jpg', '', '', 1),
(65, 79, 'ad6977cc59eadef140fcd0dc7e2fa0e1.jpg', '', '', 1),
(66, 80, '2118b6fff5e1a42b9ac9e6775d2ec787.gif', '', '', 1),
(67, 82, '677d7a0a9d988b7b16e1dcf0814a815e.gif', '', '', 1),
(68, 83, 'cdabfb3459c676b79d6bec18473950be.jpeg', '', '', 1),
(69, 84, '9487a7c8420f777ce150b7efaee28c01.gif', '', '', 1),
(70, 85, 'acbf6770681519fe64aae0c2bbd65259.jpeg', '', '', 1),
(71, 66, '1d8a8efc43de05cecb6cd80af60379ad.gif', '', '', 1),
(72, 86, 'c505aeecb46515a8c577837d4dfdfe28.gif', '', '', 1),
(73, 87, '096e417dcab4db7b2ef67b1f1039de7b.gif', '', '', 1),
(74, 88, '971864e2227447695757d710224fd0ee.gif', '', '', 1),
(75, 89, '625ee6e5e2333ea35c39a9df21a382b7.jpg', '', '', 1),
(76, 90, '85fe6dba757c5fbbfdb1f3dcfacd7f19.jpg', '', '', 1);

-- --------------------------------------------------------

--
-- Структура таблицы `tbl_news`
--

CREATE TABLE IF NOT EXISTS `tbl_news` (
`id` int(11) NOT NULL,
  `id_category` int(11) NOT NULL COMMENT 'Категория',
  `id_user` int(11) NOT NULL COMMENT 'Пользователь',
  `title` varchar(255) DEFAULT NULL COMMENT 'Заголовок',
  `path` varchar(255) DEFAULT NULL COMMENT 'Путь',
  `preview` text COMMENT 'Аннотация',
  `text` text COMMENT 'Текст',
  `tags` varchar(255) DEFAULT NULL COMMENT 'Теги',
  `position` int(11) DEFAULT '0' COMMENT 'Позиция',
  `is_hot` tinyint(1) DEFAULT NULL COMMENT 'Горячая новость',
  `is_top` tinyint(1) DEFAULT NULL COMMENT 'В топе',
  `is_visible` tinyint(1) DEFAULT '1' COMMENT 'Видимость',
  `created` int(11) DEFAULT NULL COMMENT 'Добавлена',
  `updated` int(11) DEFAULT NULL COMMENT 'Обновлена',
  `meta_title` varchar(255) DEFAULT NULL COMMENT 'МЕТА: Заголовок',
  `meta_description` varchar(255) DEFAULT NULL COMMENT 'МЕТА: Описание',
  `meta_keywords` varchar(255) DEFAULT NULL COMMENT 'МЕТА: Ключевые слова'
) ENGINE=InnoDB  DEFAULT CHARSET=utf8 AUTO_INCREMENT=94 ;

--
-- Дамп данных таблицы `tbl_news`
--

INSERT INTO `tbl_news` (`id`, `id_category`, `id_user`, `title`, `path`, `preview`, `text`, `tags`, `position`, `is_hot`, `is_top`, `is_visible`, `created`, `updated`, `meta_title`, `meta_description`, `meta_keywords`) VALUES
(38, 2, 6, 'Польша пожаловалась на Россию в ВТО1', 'polsha-pozhalovalas-na-rossiyu-v-vto', 'Министерство экономики Польши направило в Европейскую комиссию просьбу о рассмотрении Всемирной торговой организацией (ВТО) решения России запретить ввоз широкого спектра продовольственных товаров из Европейского союза. Об этом сообщает ИТАР-ТАСС со ссылк', '<p>Документ, как пояснили в министерстве экономики, касается решения РФ «о запрете сельскохозяйственного импорта из стран, которые наложили на Россию санкции».</p><p>О том, что Польша подготовила официальную жалобу в ВТО в связи с российским запретом 12 августа сообщал министр сельского хозяйства Марек Савицкий.</p><p>Савицкий также отмечал, что потери Польши от российских импортных ограничений превысят 750 миллионов евро &mdash; 50 процентов польских продовольственных поставок в Россию. В 2013 году Польша поставила в Россию продукты питания на 1,3 миллиарда евро. «В данный момент в ситуации расширенного эмбарго на молочные и другие продукты сумма потерь определенно превысит 50 процентов этой суммы», &mdash; сказал он.</p><p>Ранее суммарные потери польского плодоовощного сектора, связанные с российским эмбарго на импорт фруктов и овощей, оценивались Минсельхозом в 500 миллионов евро.</p><p>31 июля Совет Евросоюза принял законодательное постановление о введении секторальных санкций против России, которые предварительно были одобрены постпредами 28 стран ЕС.</p><p>1 августа Россия прекратила импорт почти всех польских овощей и фруктов, объяснив это нарушениями сертификации и выявлением карантинных объектов. А спустя шесть дней в ответ на санкции западных стран запретила поставки говядины, свинины, фруктов, птицы, сыров и молока из стран ЕС, США, Австралии, Канады и Норвегии. Ограничения вводятся сроком на один год.</p>', '', NULL, 0, 1, 1, 1409047110, 1409047110, '', '', ''),
(39, 3, 6, 'Яценюк назвал точки роста украинской экономики', 'yacenyuk-nazval-tochki-rosta-ukrainskoy', 'Украина имеет две экономические точки роста — это энергетика и сельское хозяйство. Об этом заявил премьер-министр Украины Арсений Яценюк на встрече с сельхозпроизводителями, передает пресс-служба украинского правительства.\r\n', '<p>«Единственная отрасль сегодня, которая демонстрирует рост, &mdash; сельское хозяйство. Настаивал и настаиваю, что у нас есть две точки роста. Первое &mdash; это сельское хозяйство. Второе &mdash; это энергетика», &mdash; отметил премьер-министр Украины. Он добавил, что у Украины есть земля и возможность накормить себя и значительное количество стран. «Они должны валютой платить Украине за то, что мы продаем сельскохозяйственную продукцию», &mdash; заявил Яценюк.</p><p>Также глава украинского кабинета министров выразил надежду на то, что 29 августа совет директоров Международного валютного фонда (МВФ) примет решение о дальнейшем выделении средств Украине. Это позволит Национальному банку Украины удерживать валютно-курсовую стабильность в стране.</p><p>В конце апреля совет директоров МВФ утвердил двухлетнюю кредитную программу финансирования экономики Украины в размере 17 миллиардов долларов. Первый транш на сумму 3,19 миллиарда долларов был предоставлен в начале мая. Второй транш должен составить 1,4 миллиарда долларов.</p><p>17 июля глава Минфина Украины Александр Шлапак сообщил, что ВВП страны в 2014 году снизится на 6-6,5 процента, а инфляция достигнет 19 процентов. Агентство S&amp;P прогнозирует, что спад должен составить около 7 процентов. Ожидается, что в 2015 году Украину ждет околонулевой экономический рост.</p>', '', NULL, 1, 4, 1, 1409042918, 1409042918, '', '', ''),
(40, 3, 6, 'ЕБРР отказался от партнерства с «Роснано» из-за санкций', 'ebrr-otkazalsya-ot-partnerstva-s-«rosnano»', 'Европейский банк реконструкции и развития (ЕБРР) вышел из проекта по созданию совместного инвестфонда с «Роснано». Об этом в интервью ИТАР-ТАСС сообщил глава госкорпорации Анатолий Чубайс.\r\n', '<p>Европейский банк реконструкции и развития (ЕБРР) вышел из проекта по созданию совместного инвестфонда с «Роснано». Об этом в интервью ИТАР-ТАСС сообщил глава госкорпорации Анатолий Чубайс.</p><p>По его словам, причиной для этого стали санкции ЕС против России. Чубайс отметил, что создание совместного фонда прямых инвестиций с ЕБРР готовилось на протяжении двух лет. Планировалось, что инвестиции ЕБРР составят более 100 миллионов долларов. «Естественно, что в сегодняшней ситуации эти планы нереализуемы, что почти наверняка отразится на итоговых результатах по привлечению частных инвестиций», &mdash; заявил глава «Роснано». Чубайс добавил, что компания ведет переговоры о замещении инвестиций ЕБРР. «По большому счету, нам надо переориентироваться на азиатские рынки капитала. Надеюсь, что какие-то результаты мы покажем уже в этом году», &mdash; сказал он.</p><p>Кроме того, от планов по созданию совместного предприятия временно отказался американский алюминиевый концерн Alcoa. Предполагалось, что в Самарской области будет построен завод бурильных труб с нанопокрытием. После введения секторальных санкций в отношении России ряд технологий для топливно-энергетического комплекса подпал под ограничения. «Проект будет реализовываться, но на первом этапе Alcoa инвестирует самостоятельно. Проект есть, а партнерства нет. Но у нас осталась возможность в него войти на следующих этапах», &mdash; пояснил Чубайс.</p><p>31 июля Совет Евросоюза принял законодательное постановление о введении секторальных санкций против России. ЕC ограничил экспорт оборудования для нефтяной промышленности, запретил российским банкам, которые контролируются государством, продавать акции или облигации в Европе. Также запрещается заключение новых контрактов на поставку оружия, машинного оборудования, электроники и других товаров двойного назначения. 6 августа бюро по вопросам промышленности и безопасности министерства торговли США опубликовало решение о введении санкций против энергетического сектора России. Они запрещают поставки технологий и оборудования для добычи нефти и газа.</p>', '', NULL, 0, NULL, 1, 1408063819, 1408452619, '', '', ''),
(41, 2, 6, 'Североосетинского банкира обвинили в легализации 50 миллионов рублей', 'severoosetinskogo-bankira-obvinili', 'Бывшему управляющему крупнейшего в Северной Осетии Банка развития региона (БРР) Сергею Доеву предъявлено обвинение в легализации 50 миллионов рублей, сообщает ИТАР-ТАСС.\r\n', '<p>В отношении Доева возбуждено уголовное дело по факту отмывания денежных средств или иного имущества, приобретенных лицом в результате совершения им преступления. Расследование дела продлено до октября. Ранее Доев обвинялся в превышении должностных полномочий и растрате 1,3 миллиарда рублей. Банкир был задержан и помещен под домашний арест шестого октября прошлого года.</p><p>Деньги были похищены из банковского хранилища. Доеву грозит до семи лет лишения свободы и штраф в миллион рублей.</p><p>АКБ «Банк Развития Региона» (БРР) несколько лет входил в тройку самых крупных банков Северо-Кавказского федерального округа (СКФО). Внимание контролирующих органов он привлек после приостановки выплат по вкладам населению. Проверка выявила растрату государственных средств из кассы банка в размере 300 миллионов рублей. Всего правоохранительными органами обнаружена недостача около 1,3 миллиарда рублей наличными. 14 октября у БРР была отозвана лицензия.</p>', '', NULL, 0, NULL, 1, 1409042900, 1409042900, '', '', ''),
(42, 5, 6, 'Яценюк назвал точки роста украинской экономики', 'yacenyuk-nazval-tochki-rosta-ukrainskoy', 'Украина имеет две экономические точки роста — это энергетика и сельское хозяйство. Об этом заявил премьер-министр Украины Арсений Яценюк на встрече с сельхозпроизводителями, передает пресс-служба украинского правительства.\r\n', '<p>«Единственная отрасль сегодня, которая демонстрирует рост, &mdash; сельское хозяйство. Настаивал и настаиваю, что у нас есть две точки роста. Первое &mdash; это сельское хозяйство. Второе &mdash; это энергетика», &mdash; отметил премьер-министр Украины. Он добавил, что у Украины есть земля и возможность накормить себя и значительное количество стран. «Они должны валютой платить Украине за то, что мы продаем сельскохозяйственную продукцию», &mdash; заявил Яценюк.</p><p>Также глава украинского кабинета министров выразил надежду на то, что 29 августа совет директоров Международного валютного фонда (МВФ) примет решение о дальнейшем выделении средств Украине. Это позволит Национальному банку Украины удерживать валютно-курсовую стабильность в стране.</p><p>В конце апреля совет директоров МВФ утвердил двухлетнюю кредитную программу финансирования экономики Украины в размере 17 миллиардов долларов. Первый транш на сумму 3,19 миллиарда долларов был предоставлен в начале мая. Второй транш должен составить 1,4 миллиарда долларов.</p><p>17 июля глава Минфина Украины Александр Шлапак сообщил, что ВВП страны в 2014 году снизится на 6-6,5 процента, а инфляция достигнет 19 процентов. Агентство S&amp;P прогнозирует, что спад должен составить около 7 процентов. Ожидается, что в 2015 году Украину ждет околонулевой экономический рост.</p>', '', NULL, 0, 2, 1, 1409042931, 1409042931, '', '', ''),
(43, 5, 6, 'В Риге задержали чеканивших латы фальшивомонетчиков', 'v-rige-zaderzhali-chekanivshih-laty', 'В Риге задержана группировка фальшивомонетчиков. Об этом сообщает DELFI со ссылкой на региональное управление полиции.\r\n', '<p>В группу входили три человека (1939, 1972 и 1980 годов рождения). Об их личностях информации нет. Суд применил к ним меру пресечения, не связанную с заключением под стражу.</p><p>По данным полиции, злоумышленники чеканили монеты номиналом в два лата. Всего на их счету было около 15 тысяч таких подделок, которые они распространяли в республике с 2010 года. «Фальшивые монеты оказались достаточно хорошего качества, именно поэтому подделки было не так легко выявить в повседневной жизни», &mdash; заявил начальник криминальной полиции Риги Андрей Созинов.</p><p>Во время обыска у подозреваемых полиция нашла и изъяла 1766 фальшивых двухлатовиков, а также нелегальный алкоголь и боеприпасы.</p><p>Стоит отметить, что с 1 января 2014 года Латвия официально перешла на евро. Переходный период (одновременного обращения лата и евро) продлится в стране до середины января. До 30 июня граждане могли обменять наличные латы на евро по официальному курсу и без комиссий в местных банках. В настоящее время это можно сделать в Банке Латвии.</p>', 'дворкович', NULL, 0, 2, 1, 1409059973, 1409059973, '', '', ''),
(44, 5, 6, 'Первые два крымских банка получили лицензии Банка России', 'pervye-dva-krymskih-banka-poluchili', 'Банк России выдал лицензии на осуществление банковских операций в Крыму и Севастополе Черноморскому банку развития и реконструкции (ЧБРР) и Севастопольскому морскому банку. Об этом сообщается на сайте регулятора.\r\n', '<p>Банки получили лицензии на осуществление банковских операций, в том числе на привлечение денежных средств граждан в рублях и иностранной валюте. В соответствии с действующим законодательством обе кредитные организации становятся участниками системы страхования вкладов.</p><p>Согласно российскому законодательству, банки, зарегистрированные в Крыму, могут продолжать свою работу в течение переходного периода (до 1 января 2015 года) даже без лицензии Банка России.</p><p>Первым российским коммерческим банком, начавшим работу в Крыму, стал московский Генбанк. В апреле он открыл офисы в Симферополе и Севастополе.</p><p>В начале мая Нацбанк Украины прекратил деятельность украинских кредитных организаций в Крыму, объяснив свое решение невозможностью вести финансовый надзор.</p>', '', NULL, 0, NULL, 1, 1409042885, 1409042885, '', '', ''),
(45, 3, 6, 'Крупный пенсионный фонд нарушил требования ЦБ к хранению накоплений', 'krupnyy-pensionnyy-fond-narushil', 'НПФ «Ренессанс жизнь и пенсии», один из лидеров рынка накоплений с объемом средств 32,5 миллиарда рублей, не выполнил вступившее в силу с июля требование ЦБ, касающееся размещения средств. Об этом сообщают «Ведомости». НПФ по-прежнему использует расчетные', '<p>При этом «Российский кредит» не входит в список банков, разрешенных ЦБ для расчетов по накоплениям. С июля ЦБ ограничил список банков, на расчетных счетах которых могут размещаться пенсионные накопления с целью усилить контроль за пенсионными инвестициями.</p><p>По словам исполнительного директора НПФ Сергея Дубинина, в настоящий момент фонд «Ренессанс жизнь и пенсии» занимается переводом средств в кредитные организации согласно утвержденному списку ЦБ. При этом он не уточнил, какой объем средств фонда размещен на счетах родственного банка.</p><p>Согласно законодательству, если фонд и его управляющие оставили средства на счетах в банке, который не входит в утвержденный список, спецдепозитарий обязан зафиксировать нарушение и направить информацию в ЦБ. Но в настоящее время срок для устранения такого нарушения законодательно не установлен.</p><p>Первый зампред ЦБ Сергей Швецов на вопрос, почему регулятор не установил конкретные сроки, в течение которых НПФ и УК обязаны перевести накопления в банки из списка ЦБ, ответа не дал. При этом, по словам зампреда, в случае если средства пенсионных накоплений окажутся размещенными на счетах в банках, не соответствующих требованиям, ЦБ будет принимать меры надзорного характера.</p><p>По словам замгендиректора УК «Паллада эссет менеджмент» Александра Баранова, проблема с расчетными счетами не решалась годами, хотя участники рынка неоднократно ставили этот вопрос перед прежним регулятором &mdash; Федеральной службой по финрынкам. «Если какой-то мелкий фонд потеряет деньги в лопнувшем банке, репутационный ущерб понесет весь рынок», &mdash; отметил эксперт.</p><p>Проблема с расчетными счетами обострилась, когда в результате зачистки банковского рынка были потеряны пенсионные деньги. В марте стало известно, что на расчетных счетах в «Инвестбанке» находились пенсионные деньги НПФ «Индустриальный», после банкротства банка фонд потерял около 400 миллионов рублей накоплений, сообщали источники, близкие к регулятору.</p><p>В банке «Огни Москвы», лишенном лицензии в мае, были размещены средства пенсионного фонда «Стройкомплекс». Только официально подтвержденные потери от этой лазейки &mdash; более 0,7 миллиарда рублей пенсионных денег. Это размер обязательств первых четырех НПФ-банкротов (Генеральный пенсионный фонд, НПФ «Семейный», НПФ «Профессиональный независимый», НПФ «Трансстрой»). Фонды выводили деньги на счета, о которых спецдепозитарий даже не знал, &mdash; они не уведомляли о них свои спецдепозитарии.</p>', '', NULL, 0, NULL, 1, 1409042893, 1409042893, '', '', ''),
(46, 6, 6, 'Дворкович предсказал потерю Кудриным еще одной должности', 'dvorkovich-predskazal-poteryu-kudrinym', 'Бывший министр финансов России Алексей Кудрин может быть исключен из состава Совета по финансовым рынкам при президенте России. Об этом сообщает "РБК Daily" со ссылкой на помощника президента РФ Аркадия Дворковича. По его словам, в ближайшем времени в сос', '<p>В течение трех-четырех недель в состав Совета будут введены мэр Москвы Сергей Собянин и первый вице-премьер Игорь Шувалов, Алексей Кудрин же может лишиться места в Совете по финрынкам. Как отмечает "Коммерсантъ", согласно положению о Совете возглавлять его может только первый вице-премьер.</p><p>Совет по финансовым рынкам при президенте РФ - совещательный орган, консультирующий главу государства по вопросам, касающимся развития финансовой системы страны. Через обсуждение в Совете проходят законопроекты, касающиеся регулирования банковской и финансовой сфер. Большинство Совета составляют государственные служащие и представители крупных финансовых организаций.</p><p>В понедельник, 10 октября экс-министр финансов России Алексей Кудрин был исключен из Военно-промышленной комиссии при правительстве России, комиссии по экономическому развитию и интеграции и комиссии по бюджетным корректировкам. Премьер-министр России Владимир Путин ранее заявлял, что несмотря на отставку, Кудрин остается членом команды тандема. По мнению Путина, Кудрин является одним из лучших специалистов не только в России, но и в мире.</p><p>Алексей Кудрин был отправлен в отставку 26 сентября из-за разногласий с президентом России Дмитрием Медведевым по вопросам бюджетной политики. Кудрин заявлял, что рост расходов на оборону, инициированный президентом страны, приводит к увеличению рисков неисполнения бюджета.</p><p>Экс-министр финансов заявил, что не видит себя в правительстве, которое собирается возглавить Дмитрий Медведев после мартовских выборов 2012 года. Дмитрий Медведев назвал увольнение Кудрина вопросом "государственной дисциплины".</p>', 'дворкович', NULL, 0, NULL, 1, 1409059964, 1409059964, '', '', ''),
(47, 8, 6, 'Итальянские власти одобрили покупку «Роснефтью» доли в Pirelli', 'italyanskie-vlasti-odobrili-pokupku', 'Антимонопольная служба Италии одобрила сделку по приобретению «Роснефтью» 50 процентов холдинговой компании Camfin, которая владеет 26,19 процента акций компании Pirelli. Об этом сообщает РИА Новости.\r\n', '<p>«Сделка не приведет к созданию или укреплению до доминирующей позиции, которая существенно снизит или устранит конкуренцию», &mdash; процитировал официальное письмо антимонопольной службы источник агентства в нефтяной компании.</p><p>Сделка была закрыта в начале июля исходя из цены в 12 евро за акцию компании Pirelli. Акции приобрела люксембургская структура «Роснефти» Long-Term Investments Luxembour. После этого в совет директоров Pirelli вошли шесть новых участников. Трое из них представляют «Роснефть» &mdash; президент компании Игорь Сечин, вице-президент по коммерции и логистике Дидье Касимиро, а также финансовый директор Петр Лазарев.</p><p>О возможности вступления российской нефтяной компании в акционерный капитал итальянской корпорации стало известно 18 мая. В сообщении «Роснефти» отмечалось, что ее подразделения работают с компанией Camfin для того, чтобы стать акционером Pirelli. «Сделка подготовлена, и может быть реализована при получении разрешения регулирующих органов», &mdash; говорилось в сообщении.</p><p>Pirelli &mdash; итальянская компания, выпускающая автомобильные шины. По данным на 2013 год, в России Pirelli занимает третье место среди 16 крупнейших производителей шин. Pirelli владеет 65-процентной долей в совместном предприятии с госкорпорацией «Ростех» &mdash; Pirelli Tyre Russia, которому принадлежат шинные заводы в Кирове и Воронеже.</p>', '', NULL, 0, NULL, 1, 1408236578, 1408452578, '', '', ''),
(48, 6, 6, 'Армия США научит 3D-принтеры печатать еду', 'armiya-ssha-nauchit-3d-printery-pechatat', 'Командование Армии США заинтересовалось возможностью трехмерной печати еды в боевых точках, сообщает The ArmyTimes. Предварительные исследования уже начались. Разработкой технологии занимается Управление боевого продовольственного обеспечения (CFD) минист', '<p>Основными задачами, которые будут решать пищевые 3D-принтеры, станут печать сбалансированной еды по запросу военнослужащего и повышение физических и когнитивных качеств бойцов за счет применения различных сочетаний белков, жиров, углеводов, антиоксидантов, витаминов, солей, минералов и полиненасыщенных жирных кислот типа Омега-3. Различные сочетания компонентов будут определять исходя из типа службы, которую несет боец.</p><p>МАТЕРИАЛЫ ПО ТЕМЕ\r\n12:55 8 июля 2014\r\nThe Transformer\r\nИ чтец, и жнец\r\nБританцы рассказали о военной авиации будущего\r\nКак именно будет реализована технология трехмерной печати еды, пока неизвестно. Предположительно, 3D-принтеры будут снабжаться различными питательными пастами, из которых в процессе печати можно будет формировать, например, шоколадные батончики. На конечном этапе ученые намерены разработать способ печати гамбургеров или стейков. Когда именно новая технология будет доступна американским бойцам, пока не ясно.</p><p>По оценке разработчиков, использование 3D-принтеров в горячих точках позволит значительно упростить продовольственное снабжение, поскольку пасты, необходимые для печати еды, будут занимать меньше места, чем уже полноценные ингредиенты. Как ожидается, в проекте будет принимать участие Массачусетский технологический институт. Полноценные научно-исследовательские и опытно-конструкторские работы планируется начать в 2015-2016 финансовом году.</p><p>CFD планирует представить первый прототип продовольственного трехмерного принтера в 2018-2019 финансовом году. Испытания прототипа будут проводиться при помощи военнослужащих, а доводка тестового образца 3D-принтера &mdash; на основании их отзывов.</p><p>Армия США активно интересуется технологиями трехмерной печати. Например, ранее стало известно, что американские военные изучают возможность трехмерной печати деталей для стрелкового оружия и запчастей для военной техники в горячих точках. В перспективе бойцам для этого понадобится 3D-принтер и спутниковая связь с базой данных Пентагона; печать той или иной детали будет производится на основании чертежей, выбранных бойцом из каталога.</p>', '', NULL, 0, NULL, 1, 1408322948, 1408452548, '', '', ''),
(49, 8, 6, 'Американская Chevron задумалась об участии в управлении ГТС Украины', 'amerikanskaya-chevron-zadumalas-ob-uchastii', 'Три иностранные компании, в том американская Chevron, намерены подать заявки на участие в совместном предприятии-операторе украинской газотранспортной сети (ГТС). Об этом сообщает ИТАР-ТАСС со ссылкой на источники, знакомые с ходом переговоров.\r\n', '<p>Официальные заявки ожидаются в ближайшее время после проведения всех юридических процедур, в частности, вступления в силу закона об управлении ГТС.</p><p>В Chevron агентству заявили, что политика компании не предусматривает спекуляций или комментариев относительно вопросов коммерческой деятельности, посоветовав «оставаться на связи».</p><p>Специалисты, знакомые с ходом консультаций, отмечают, что у заинтересованных компаний остается много вопросов, как технических, так и финансовых. «Когда будут даны ответы, тогда будет и реальное движение в этом направлении. Думаю, что через месяц ситуация прояснится», &mdash; сообщил один из источников, близкий к переговорам.</p><p>14 августа Верховная рада приняла во втором чтении поправки в закон о реформировании системы управления Единой газотранспортной системой Украины. Согласно документу, функции оперативно-технологического управления украинской ГТС передаются от государственного предприятия к оператору ГТС, который определяется министерством энергетики и угольной промышленности страны.</p><p>Оператором ГТС могут выступать субъекты хозяйствования, учредителями и собственниками которых могут являться либо исключительно украинское государство, либо государство и юридические лица, которые «принадлежат и контролируются резидентами стран Европейского союза, США или Европейского энергетического сообщества». В этом случае доля государства в таком предприятии не может быть меньше 51 процента. Другие его участники должны являться операторами системы транспортировки газа или членами Европейской сети операторов системы транспортировки газа.</p><p>Газотранспортная система Украины состоит из нескольких магистральных газопроводов, а также распределительных сетей, газохранилищ, компрессионных и газоизмерительных станций. Большая часть российского экспорта в Европу проходит именно через Украину.</p><p>Российский «Газпром» 16 июня принял решение о переводе Украины на предоплату поставленного газа из-за накопившихся долгов. С этого момента поставки газа по ГТС страны ограничиваются европейским транзитом, сама Украина отбор газа для себя не ведет.</p>', '', NULL, 1, NULL, 1, 1408322920, 1408452520, '', '', ''),
(56, 2, 6, 'Центробанк отказался стереть Аполлона со 100-рублевой купюры', 'centrobank-otkazalsya-steret-apollona', 'Центральный банк России отказался менять дизайн 100-рублевой купюры из-за изображения на ней обнаженной фигуры Аполлона, на чем настаивал депутат Госдумы от ЛДПР Роман Худяков. ', '<p>Представитель Центробанка признал, что изображение скульптуры греческого бога на купюре подпадает под действие закона «О защите детей от информации, причиняющей вред их здоровью и развитию». Вместе с тем, по мнению Лунтковского, картинка на купюре слишком маленькая, чтобы можно было различить анатомические подробности.</p><p>Кроме того, как отметил Лунтковский, за соблюдением закона о защите детей от вредной информации занимается Роскомнадзор, который до сих пор не предъявлял претензий к 100-рублевой купюре.</p><p>МАТЕРИАЛЫ ПО ТЕМЕ\r\n15:58 8 июля 2014\r\nРоман Худяков\r\n«Аполлон нарушает закон»\r\nЧлен фракции ЛДПР рассказал «Ленте.ру» о том, как разглядел гениталии на сторублевой банкноте\r\nХудяков, комментируя письмо зампреда ЦБ, выразил удивление позицией финансового регулятора. «В настоящее время я рассматриваю возможность обратиться в Роскомнадзор, чтобы оспорить такое решение. Тем более что тираж купюры значительно выше, чем тираж любого СМИ», &mdash; заявил он. В пресс-службе Роскомнадзора, в свою очередь, воздержались от комментариев, пообещав рассмотреть обращение Худякова, если оно поступит.</p><p>В июле член фракции ЛДПР Роман Худяков направил письмо председателю Центробанка Эльвире Набиуллиной, в котором утверждалось, что на 100-рублевой купюре изображены «интимные части тела фигуры» Аполлона на крыше Большого театра в Москве, поэтому он не отвечает требованиям закона номер 436-ФЗ «О защите детей от вредной информации». В связи с этим депутат потребовал изменить дизайн купюры или поставить на ней маркировку «18+».</p>', '', NULL, 0, NULL, 1, 1409042864, 1409042864, '', '', ''),
(58, 2, 6, 'тестовая новость', 'testovaya-novost', '​Представитель Центробанка признал, что изображение скульптуры греческого бога на купюре подпадает под действие закона «О защите детей от информации, причиняющей вред их здоровью и развитию». Вместе с тем, по мнению Лунтковского, картинка на купюре слишко', '<p>Представитель Центробанка признал, что изображение скульптуры греческого бога на купюре подпадает под действие закона «О защите детей от информации, причиняющей вред их здоровью и развитию». Вместе с тем, по мнению Лунтковского, картинка на купюре слишком маленькая, чтобы можно было различить анатомические подробности.</p><p>Кроме того, как отметил Лунтковский, за соблюдением закона о защите детей от вредной информации занимается Роскомнадзор, который до сих пор не предъявлял претензий к 100-рублевой купюре.</p><p>МАТЕРИАЛЫ ПО ТЕМЕ 15:58 8 июля 2014 Роман Худяков «Аполлон нарушает закон» Член фракции ЛДПР рассказал «Ленте.ру» о том, как разглядел гениталии на сторублевой банкноте Худяков, комментируя письмо зампреда ЦБ, выразил удивление позицией финансового регулятора. «В настоящее время я рассматриваю возможность обратиться в Роскомнадзор, чтобы оспорить такое решение. Тем более что тираж купюры значительно выше, чем тираж любого СМИ», &mdash; заявил он. В пресс-службе Роскомнадзора, в свою очередь, воздержались от комментариев, пообещав рассмотреть обращение Худякова, если оно поступит.</p><p>В июле член фракции ЛДПР Роман Худяков направил письмо председателю Центробанка Эльвире Набиуллиной, в котором утверждалось, что на 100-рублевой купюре изображены «интимные части тела фигуры» Аполлона на крыше Большого театра в Москве, поэтому он не отвечает требованиям закона номер 436-ФЗ «О защите детей от вредной информации». В связи с этим депутат потребовал изменить дизайн купюры или поставить на ней маркировку «18+».</p>', '', NULL, 0, NULL, 1, 1408911601, NULL, '', '', '');
INSERT INTO `tbl_news` (`id`, `id_category`, `id_user`, `title`, `path`, `preview`, `text`, `tags`, `position`, `is_hot`, `is_top`, `is_visible`, `created`, `updated`, `meta_title`, `meta_description`, `meta_keywords`) VALUES
(59, 2, 6, 'НРА подтвердило рейтинг кредитоспособности «Открытие Холдингу» на уровне «AA+»', 'nra-podtverdilo-reyting-kreditosposobnosti', 'Национальное рейтинговое агентство подтвердило рейтинг кредитоспособности «Открытие Холдинга» на уровне «AA+» по национальной шкале. Рейтинг присвоен в разделе «Холдинговые и финансовые компании» рейтинг-листа агентства.\r\n', '<p>\r\n	Как отмечает НРА, высокий уровень рейтинга обусловлен сильными рыночными позициями банковской группы «Открытие», высокими темпами роста объемов бизнеса, успешной реализацией стратегии консолидации банковских активов, привлечением новых партнеров в состав акционеров компании, увеличением ее капитала, высоким качеством корпоративного управления.\r\n</p>\r\n<p>\r\n	В июне 2014 года всем банкам группы «Открытие» был присвоен рейтинг кредитоспособности НРА на уровне «ААА» по национальной шкале. В ходе ребрендинга сменилось наименование холдинговой компании, которая стала называться ОАО «Открытие Холдинг».\r\n</p>', '', NULL, 0, NULL, 1, 1409430550, NULL, '', '', ''),
(60, 2, 6, 'Чистая прибыль Газпромбанка в первом полугодии снизилась в 4,8 раза — до 2,6 млрд рублей', 'chistaya-pribyl-gazprombanka-v-pervom', 'Газпромбанк получил в первом полугодии 2014 года в 4,8 раза меньше чистой прибыли по сравнению с аналогичным периодом прошлого года.\r\n', '<p>По данным финансовой отчетности банка по МСФО, опубликованной на сайте кредитной организации, чистая прибыль за шесть месяцев этого года составила 2,6 млрд рублей против 12,4 млрд &mdash; в 2013-м. Совокупный доход, дополнительно включающий переоценку неторговых инвестиций и прочие операции, отражаемые напрямую в капитале, составил 3,3 млрд рублей против 11,5 млрд рублей годом ранее.</p><p>При этом, как следует из отчетности, активы группы увеличились на 4,5%, достигнув 3 811,3 млрд рублей. Рост активов, отмечают в банке, в основном связан с увеличением кредитного портфеля на 3,3%, до 2 515,3 млрд рублей на конец первого полугодия 2014 года, а также с наращиванием объема денежных средств и их эквивалентов с 521,9 млрд рублей на конец 2013 года до 594,2 млрд рублей по состоянию на 30 июня этого года. Рост объемов бизнеса обеспечивался за счет привлечения средств корпоративных клиентов, заимствований на рынках капитала и операций рефинансирования с Банком России.</p><p>Совокупный капитал, рассчитанный в соответствии с требованиями Базельского соглашения («Базель II»), увеличился по сравнению с концом 2013 года на 1,8%, составив 479,4 млрд рублей. Фактором роста совокупного капитала явилось привлечение субординированных еврооблигаций второго уровня на сумму 350 млн швейцарских франков. В то же время капитал первого уровня составил 344,6 млрд рублей, снизившись по сравнению с концом 2013 года на 2%.</p><p>По состоянию на 30 июня показатель достаточности капитала первого уровня, рассчитанный в соответствии с требованиями «Базеля II», составил 9% против 9,9% на 31 декабря 2013-го. Показатель достаточности совокупного капитала равен 12,5% по сравнению с 13,2% на конец прошлого года.</p>', '', NULL, 0, NULL, 1, 1409430574, NULL, '', '', ''),
(61, 7, 6, 'Гигантские затраты на Олимпиаду станут бедствием для экономики РФ', 'gigantskie-zatraty', 'Глава МОК хвалит "великолепные" условия для спортсменов в Сочи и что эти зимние Игры будут лучшими в истории. Однако скептики видят много причин негатива.\r\n', '<p>Глава МОК хвалит "великолепные" условия для спортсменов в Сочи и что эти зимние Игры будут лучшими в истории. Однако скептики видят много причин негатива.\r\nС зарубежными коллегами, которые приедут на открытие Олимпиады, российский лидер намерен обсудить проблемы Украины, Сирии, Ближнего Востока и Афганистана. С зарубежными коллегами, которые приедут на открытие Олимпиады, российский лидер намерен обсудить проблемы Украины, Сирии, Ближнего Востока и Афганистана. С зарубежными коллегами, которые приедут на открытие Олимпиады, российский лидер намерен обсудить проблемы Украины, Сирии, Ближнего Востока и Афганистана.</p><p>Глава МОК хвалит "великолепные" условия для спортсменов в Сочи и что эти зимние Игры будут лучшими в истории. Однако скептики видят много причин негатива.</p>', '', NULL, 0, NULL, 1, 1409808039, 1409808039, '', '', ''),
(62, 2, 6, 'Тиражи стихов Евгении Васильевой возмутили детских писателей', 'tirazhi-stihov-evgenii-vasilevoy', 'Российское литературное сообщество возмутили тиражи стихов главной фигурантки дела «Оборонсервиса» Евгении Васильевой, передает РИА Новости.\r\n', '<p>Российское литературное сообщество возмутили тиражи стихов главной фигурантки дела «Оборонсервиса» Евгении Васильевой, передает РИА Новости. Так, член Союза писателей СССР и России, автор книг для детей Валерий Шульжик на встрече со спикером Госдумы Сергеем Нарышкиным посетовал, что стихов Васильевой издается больше, чем Пушкина. «Чувствуется, что мы проваливаемся в какую-то пропасть и нам оттуда не выбраться», &mdash; заявил Шульжик.</p><p>Российское литературное сообщество возмутили тиражи стихов главной фигурантки дела «Оборонсервиса» Евгении Васильевой, передает РИА Новости. Так, член Союза писателей СССР и России, автор книг для детей Валерий Шульжик на встрече со спикером Госдумы Сергеем Нарышкиным посетовал, что стихов Васильевой издается больше, чем Пушкина. «Чувствуется, что мы проваливаемся в какую-то пропасть и нам оттуда не выбраться», &mdash; заявил Шульжик.</p>', '', NULL, 1, NULL, 1, 1407474761, NULL, '', '', ''),
(63, 2, 6, 'АКБ "Ёбаный пиздец" фиксирует нехуёвый рост просрочки', 'akb-&quot;Ёbanyy-pizdec&quot;-fiksiruet', 'Менеджмент взял на себя ответственность за фатальные ошибки, в то время как аналитики нелестно отзываются о владельцах банка\r\n', '<p>Москва, 30 мая - Икс. Неожиданный и совершенно конский рост просрочки стал для "Ёбаного пиздеца" полнейшим угаром, свидетельствуют данные его крайне хуёвого, как было тонко подмечено некоторыми наблюдателями, квартального отчёта.</p><p>"Менеджмент банка допустил непростительное безобразие. Все наши отношения с акционерами немедленно летят к хуям", - констатирует председатель правления АКБ "Ёбаный Пиздец Банк" (ОАО) Рекорд Надоев, слова которого приводятся в отчёте на сайте банка - лидера по объёмам нанокредитования.</p><p>Как отмечает независимый банковский аналитик Букет Левкоев, среди акционеров преобладают безмозглые падлы, а часть из них - настоящие водители Газелей, что в конечном счёте и стало причиной проблем банка. "Эти бочки дерьма с ногами только ебалом в кулуарах щёлкали. В это время клерки сквозь дырявое решето финмониторинга месили какие-то загнившие помои, и теперь будет неудивительно, если ЦБ отзовёт у него лицензию", - предположил Левкоев.</p><p>Он также отметил, что слухи о грядущем отзыве у "Ёбаного пиздеца" лицензии ходили последние двести лет.</p><p>В свою очередь аналитик Улов Налимов тупо не смог прокомментировать ситуацию в "Ёбаном пиздеце". Когда мы позвонили этому говнорылому хуеплёту, он был, сука, не в состоянии говорить. "Ээээ. Беееееее. Про такое я не слышал. Это всё пиздёж и провокация. Вы чё сюда звоните, курицы блядские?", - заявила нам эта мразь и повесила трубку.</p>', '', NULL, 0, 1, 1, 1409807652, NULL, '', '', ''),
(64, 8, 6, 'Валютные вклады электората в отечественных банках вряд ли могут обвалиться ниже плинтуса, полагают партийные бонзы', 'valyutnye-vklady-elektorata-v-otechestvennyh', 'Такая хуйня может выйти только если академик Гландьев не завалит своё ебало\r\n', '<p>Москва, 30 мая - Икс. Валютные вклады электората в отечественных банках вряд ли могут обвалиться ниже плинтуса. Такая хуйня может произойти, если только советник императора Персей Гландьев так и не захлопнет свой жужжальник.</p><p>"Как нас заебал этот азиопский опарыш", - посетовал в эфире телеканала "Говно24" член "Единой Чаянды" Подрыв Устоев, добавив, что ему не импонирует "логика этой ебанутой паскуды".</p><p>Ранее Гландьев, стоявший у истоков Азиопского экономического сообщества, выразил такую тему что, мол, а "хули страховать вклады, если они, блять, в валюте".</p><p>Правда, позднее в окружении императора сказали, что Гландьев не вполне здоров и выразил собственную дебильную точку зрения. "У него в голове вместо мозгов вискас, это всем хорошо известно", - отрапортовал имперский пресс-секретарь.</p>', '', NULL, 0, NULL, 1, 1409807732, NULL, '', '', ''),
(65, 2, 6, 'Иностранцы не перестают изумляться "олимпийским туалетам" в Сочи', 'inostrancy-ne-perestayut-izumlyatsya', 'Спортивные уборные в Сочи, к которым было привлечено широкое внимание мировой общественности с легкой подачи журналиста ВВС, похоже.\r\n', '<p>По данным главы Минфина Антона Силуанова, которые он озвучил перед Играми, объем инвестиций на подготовку Сочи к проведению Олимпиады составил 1,5 триллиона рублей, в том числе федеральный бюджет потратил на строительство спортивных объектов 100 миллиардов рублей и свыше 400 миллиардов рублей на инфраструктуру Сочи. Привлеченные инвестиции на инфраструктуру составили порядка 900 миллиардов рублей и 114 миллиардов рублей &mdash; на спортивные сооружения.</p><p>Олимпийские игры в Сочи прошли 7-23 февраля, Паралимпиада &mdash; 7-16 марта. Операционная прибыль на уровне 5 миллиардов рублей будет потрачена на развитие массового спорта в стране, сообщил в понедельник президент оргкомитета Дмитрий Чернышенко.</p>', '', NULL, 0, NULL, 1, 1409807813, NULL, '', '', ''),
(66, 8, 6, 'Гигантские затраты на Олимпиаду станут бедствием для экономики РФ, пугают на Западе. И жалуются на плохие гостиницы', 'gigantskie-zatraty-na-olimpiadu', 'Глава МОК хвалит "великолепные" условия для спортсменов в Сочи и что эти зимние Игры будут лучшими в истории. Однако скептики видят много причин негатива.\r\n', '<p>Глава МОК хвалит "великолепные" условия для спортсменов в Сочи и что эти зимние Игры будут лучшими в истории. Однако скептики видят много причин негатива.\r\nС зарубежными коллегами, которые приедут на открытие Олимпиады, российский лидер намерен обсудить проблемы Украины, Сирии, Ближнего Востока и Афганистана. С зарубежными коллегами, которые приедут на открытие Олимпиады, российский лидер намерен обсудить проблемы Украины, Сирии, Ближнего Востока и Афганистана. С зарубежными коллегами, которые приедут на открытие Олимпиады, российский лидер намерен обсудить проблемы Украины, Сирии, Ближнего Востока и Афганистана.</p><p>Глава МОК хвалит "великолепные" условия для спортсменов в Сочи и что эти зимние Игры будут лучшими в истории. Однако скептики видят много причин негатива.</p>', '', NULL, 0, 4, 1, 1409811182, 1409811182, '', '', ''),
(67, 9, 6, 'Британский полицейский, опозорившись на YouTube, отсудил 700 тысяч долларов', 'britanskiy-policeyskiy-opozorivshis', 'Спортивные уборные в Сочи, к которым было привлечено широкое внимание мировой общественности с легкой подачи журналиста ВВС, похоже.\r\n', '<p>По данным главы Минфина Антона Силуанова, которые он озвучил перед Играми, объем инвестиций на подготовку Сочи к проведению Олимпиады составил 1,5 триллиона рублей, в том числе федеральный бюджет потратил на строительство спортивных объектов 100 миллиардов рублей и свыше 400 миллиардов рублей на инфраструктуру Сочи. Привлеченные инвестиции на инфраструктуру составили порядка 900 миллиардов рублей и 114 миллиардов рублей &mdash; на спортивные сооружения.</p><p>Олимпийские игры в Сочи прошли 7-23 февраля, Паралимпиада &mdash; 7-16 марта. Операционная прибыль на уровне 5 миллиардов рублей будет потрачена на развитие массового спорта в стране, сообщил в понедельник президент оргкомитета Дмитрий Чернышенко.</p><p>Банкиру Гительсону предъявили окончательное обвинение в хищении 1,8 млрд рублей у правительства Ленобласти</p>', '', NULL, 0, 3, 1, 1408944142, NULL, '', '', ''),
(68, 9, 6, '«Пусть делают крюк»: Депутат предлагает закрыть небо для самолетов НАТО и Украины', '«pust-delayut-kryuk»:-deputat-predlagaet', 'В эпопее с самолетом российской делегации, возвращавшейся из Кишинева в Москву, не поставлена точка\r\n', '<p>Лидер партии «Родина», депутат Госдумы РФ Алексей Журавлев, находившийся в ее составе и вынужденный воспользоваться рейсовым самолетом, рассказал Известиям, что готовит предложение о запрете полетов над территорией России и ее союзников для самолетов НАТО. По его мнению, на действия Румынии и Украины, закрывших свое воздушное пространство для российского спецборта, должен быть симметричный ответ. При этом Журавлев подчеркнул, что запрет не будет распространяться на пассажирские самолеты.</p><p>«Самолеты с официальными делегациями можно пускать, только если в списке пассажиров не будет тех, кто вводил санкции против России или тех, кто находится в нашем черном списке», &mdash; цитирует издание Журавлева. Он предложил Штатам летать через Пакистан, особенно добираясь из Афганистана, что предполагает приличный крюк.</p><p>Комментируя ситуацию с вылетом из Кишинева и украинскими МиГами, развернувшими в небе самолет российских чиновников, Журавлев указал, что Киев расписался в собственном непрофессионализме. Закрытое воздушное пространство для россиян и сорванный вылет самолета депутат назвал мелочным желание насолить любым способом России, которое не поддается никакой логике.</p><p>Напомним, накануне Инвесткафе следило за передвижениями ряда российских чиновников, в том числе вице-премьера Дмитрия Рогозина и министра культуры Владимира Мединского, которые не могли вернуться из Кишинева в Москву. Российская делегация вынуждена была лететь пассажирским самолетом. При этом молдовские власти даже провели обыск на чартерном самолете ЯК-40, который покинули российские чиновники, и изъяли листы с подписями жителей Приднестровья, которые высказались за присоединение к РФ. Эти документы Дмитрий Рогозин должен был передать президенту Владимиру Путину по просьбе инициативной группы.</p>', '', NULL, 0, NULL, 1, 1407993785, NULL, '', '', ''),
(69, 9, 6, 'Врачи дают позитивный прогноз по состоянию раненного школьником полицейского', 'vrachi-dayut-pozitivnyy-prognoz-po', 'По словам врачей, после ранения полицейский был в крайне тяжелом состоянии, у него был шок от кровопотери, болевой шок.\r\n', '<p>Врачи дают благоприятный прогноз по состоянию московского полицейского Владимира Крохина, раненного во время стрельбы в школе 263 десятиклассником Сергеем Гордеевым. В настоящее время полицейский дышит самостоятельно, он отключен от аппарата искусственной вентиляции легких, сообщил в среду журналистам директор НИИ скорой помощи имени Склифосовского Анзор Хубутия.</p><p>"Больной был в крайне тяжелом состоянии. Это был шок от кровопотери, болевой шок. Крайне тяжелые были ранения. Операция шла практически шесть часов", - цитирует врача РИА "Новости".</p><p>Хубутия отметил, что раненый был доставлен в институт на вертолете, что, несомненно, спасло ему жизнь. "Если бы он доставлялся на автомобиле, врачи вряд ли могли что-то сделать", - сказал он.</p><p>По словам врача, в настоящее время пациент дышит самостоятельно, вчера он общался по телефону со своей супругой. Хубутия отметил, что два профессора - реаниматолог и хирург - не отходили от пациента последние двое суток.</p><p>Сегодня глава департамента здравоохранения Москвы Георгий Голухов посетил полицейского. Он попросил сделать все возможное для спасения пациента.</p><p>Напомним, в понедельник, 3 февраля, 15-летний ученик 10 "А" класса Сергей Гордеев пришел в школу c двумя винтовками, убил учителя географии Андрея Кириллова и захватил в заложники 20 учеников. Позднее школьник застрелил прапорщика полиции Сергея Бушуева, прибывшего по вызову. Старший сержант Крохин был тяжело ранен. Сам убийца позднее сдался после беседы с отцом.</p><p>По факту ЧП было возбуждено уголовное дело по трем статьям УК РФ - "Захват заложников", "Убийство", "Посягательство на жизнь сотрудников правоохранительных органов". Задержанный старшеклассник по решению суда взят под стражу, ему назначена психолого-психиатрическая экспертиза.</p>', '', NULL, 1, NULL, 1, 1408512688, 1409808688, '', '', ''),
(70, 9, 6, 'Банкиру Гительсону предъявили окончательное обвинение в хищении 1,8 млрд рублей у правительства Ленобласти', 'bankiru-gitelsonu-predyavili-okonchatelnoe', 'В Санкт-Петербурге завершено расследование уголовного дела против бывшего владельца банка ВЕФК Александра Гительсона', '<p>По версии следствия, в мае 2007 года Гительсоном были получены подложные SWIFT-сообщения о перечислении на его личные счета в банке ВЕФК 5 млрд рублей из банка "Баня Лука" в Сербии, подконтрольного финансисту. После этого, как следует из материалов дела, Гительсон изъял из кассового хранилища 2,5 млрд рублей, которые должны были покрыть будто бы переведенные из сербского банка деньги.</p><p>На самом же деле, как считает следствие, недостача средств должна была быть компенсирована за счет средств правительства Ленинградской области, размещенных в "Инкасбанке", входившем в группу ВЕФК. По данным СК, соучастница Гительсона - председатель правления "Инкасбанка" Татьяна Лебедева - в 2008 году заключила договор депозита с правительством Ленобласти на сумму 1,87 млрд рублей, и эти деньги были переведены в ВЕФК под видом банковского кредита, пишет издание. Таким образом, Гительсон и Лебедева причинили ущерб правительству Ленобласти в сумме более 1,8 млрд миллионов рублей, заключили следователи.</p><p>Контракты с "Инкасбанком" на размещение свободных бюджетных средств в размере 1,8 млрд рублей подписал вице-губернатор Ленобласти, глава комитета финансов Александр Яковлев, который из-за разразившегося скандала ушел в отставку и даже стал обвиняемым по уголовному делу о халатности. Однако осенью 2011 года дело против него закрыли в связи с истечением срока давности, отмечает "Коммерсант".</p><p>Похищенные Гительсоном денежные средства, по данным СКР, были в дальнейшем переведены в контролируемые им кредитные организации, в том числе и за пределы России, а впоследствии использовались им для собственных нужд, в том числе для покупки недвижимости за рубежом.</p><p>Лебедева, вовлеченная Гительсоном в криминальную схему на возмездной основе, заключила сделку со следствием, рассказав об обстоятельствах преступления и дав показания на бывшего банкира, отмечали в СК. В итоге она отделалась четырьмя годами условно и штрафом в 300 тысяч рублей.</p><p>Гительсон своей вины не признает. Следствию удалось частично вернуть в бюджет Ленобласти похищенные им средства в размере 416 млн рублей благодаря арестованным долям участия Гительсона в уставном капитале кредитных организаций ОАО "Выборг-банк" и ОАО "Русский торгово-промышленный", где он фактически обладал контрольным пакетом акций, подчеркивают в СК.</p><p>Судебное разбирательство по этому делу может начаться уже в марте, сообщил ИТАР-ТАСС представитель ГСУ СКР по Петербургу Владимир Ромицын. "Все будет зависеть от интенсивности ознакомления защиты с материалами дела. По меркам экономических преступлений объем этого дела не слишком большой", - отметил он.</p>', '', NULL, 0, NULL, 1, 1408080807, 1409808807, '', '', ''),
(71, 7, 6, 'Подписи приднестровцев за вхождение в Россию доставили в Москву', 'podpisi-pridnestrovcev-za-vhozhdenie', 'Большая часть подписей Союза русских общин Приднестровья за воссоединение с Россией доставлены в Москву. Об этом сообщил в своем Twitter помощник вице-премьера Дмитрия Рогозина Дмитрий Лоскутов', '<p>Большая часть подписей Союза русских общин Приднестровья за воссоединение с Россией доставлены в Москву. Об этом сообщил в своем Twitter помощник вице-премьера Дмитрия Рогозина Дмитрий Лоскутов. В свою очередь Рогозин ответил: "Молодцы".</p><p>Ранее стало известно о том, что документы, которые передал Союз русских общин, изъяли молдавские спецслужбы с борта самолета российской делегации. Лоскутов отметил в Twitter, что борт, на котором должен был вылететь в Москву зампред правительства, досмотрели и описали коробки с документами. Никого из русской делегации к досмотру не допустили, а коробки увезли в неизвестном направлении.</p><p>Появление Рогозина в Тирасполе молдавская сторона заранее называла нежелательным. Власти были обеспокоены не только целью приезда, но и возможностью посещения не анонсированных ранее пунктов.</p>', '', NULL, 0, NULL, 1, 1409550655, 1409809855, '', '', ''),
(72, 7, 6, 'В Госдуме РФ готовят симметричный ответ США и Украине', 'v-gosdume-rf-gotovyat-simmetrichnyy', 'Россия должна подготовить симметричные меры в отношении полетов самолетов стран-членов НАТО и Украины\r\n', '<p>Россия должна подготовить симметричные меры в отношении полетов самолетов стран-членов НАТО и Украины. Об этом заявил депутат Госдумы Алексей Журавлев, присутствующий в составе российской делегации в Кишиневе, которую не пропустила Украина. </p><p>По словам депутата, запрет коснется не только пассажирских перевозок. Так, не следует пропускать самолеты с официальными делегациями, в состав которых входят пассажиры из числа тех, кто причастен к введению санкций против России. «Америка пусть летает через Пакистан, а особенно из Афганистана», - отметил Журавлев. </p><p>Парламентарий считает, что своими действиями «украинские власти расписываются в собственном непрофессионализме». В конце концов «мы видим мелочное желание насолить любым способом России, а это не поддается никакой логике». </p><p>Стоит отметить, что коллеги Журавлева поддерживают его, хоть и считают позицию лидера партии «Родина» несколько эмоциональной. Однако депутат Госдумы Сергей Жигарев согласен, что меры со стороны России в отношении тех, кто заблокировал воздушное пространство для делегации, будут предприняты адекватные. «Неуважение было оказано, по сути, не нам, а представителям России, и спуска никто давать не собирается», - заявил Жигарев. </p><p>Напомним, после того, как члены российской делегации покинули чартерный самолет ЯК-40, власти Молдовы провели на борту обыск и изъяли подписные листы с 30 тысячами подписей жителей Приднестровья, в которых население непризнанной республики выражает желание воссоединиться с Россией. Инициативная группа передала их представителю президента г-ну Рогозину с той целью, чтобы тот, в свою очередь, передал их Владимиру Путину.</p>', '', NULL, 0, NULL, 1, 1409809486, NULL, '', '', ''),
(73, 7, 6, 'Банкиру Гительсону предъявили окончательное обвинение в хищении 1,8 млрд рублей у правительства Ленобласти', 'bankiru-gitelsonu-predyavili-okonchatelnoe', 'Басманный суд Москвы во вторник отправил под арест десятиклассника, задержанного накануне за стрельбу в школе на северо-востоке Москвы.\r\n', '<p>Парламентарии считают, что необходимы симметричные меры в отношении недружественных государств, которые ранее закрыли пролёт российской делегации, пишут «Известия».</p><p>Отмечается, что запрет не будет касаться только пассажирских перевозок. С инициативой выступил парламентарий Алексей Журавлёв. Он находился в составе рабочей группы в Кишинёве. Для их самолёта Украина накануне закрыла своё воздушное пространство.</p><p>Депутаты и чиновники вернулись в Москву регулярным рейсом.</p><p>С зарубежными коллегами, которые приедут на открытие Олимпиады, российский лидер намерен обсудить проблемы Украины, Сирии, Ближнего Востока и Афганистана. С зарубежными коллегами, которые приедут на открытие Олимпиады, российский лидер намерен обсудить проблемы Украины, Сирии, Ближнего Востока и Афганистана. С зарубежными коллегами, которые приедут на открытие Олимпиады, российский лидер намерен обсудить проблемы Украины, Сирии, Ближнего Востока и Афганистана.</p>', '', NULL, 0, NULL, 1, 1409204739, NULL, '', '', ''),
(74, 6, 6, 'Ученые считают, что на Марсе есть жизнь', 'uchenye-schitayut-chto-na-marse-est', 'Американские и голландские ученые считают, что в марсианских ледниках могут находиться живые микроорганизмы\r\n', '<p>Группа исследователей полагает, что обнаруженные бактерии, которые находятся в спячке, после размораживания окажутся жизнеспособными. Об этом сообщает новостное агентство «Росбалт».</p><p>Находка была обнаружена в одном из кратеров Красной планеты, который, как предполагают ученые, когда-то был заполнен довольно теплой водой. При этом исследователи утверждают, что теплая вода находилась в непосредственном контакте со скальными породами, что является одним из благоприятнейших условий для возникновения жизни.</p><p>Тем не менее, ученые отмечают, что для подтверждения этих предположений им необходимо взять пробы упомянутого выше ледника.</p><p>Ранее пронедра.ру сообщали о том, что группа немецких и голландских ученых, исследовавших происхождение каналов в районе марсианского кратера Хаос Арам, пришла к выводу, что 3 миллиона лет назад эти каналы могли быть заполнены водой. Исследования проводились с использованием цифровых компьютерных моделей, которые воспроизводили гидродинамику предполагаемого водоема.</p>', '', NULL, 0, NULL, 1, 1409809600, NULL, '', '', ''),
(75, 6, 6, 'Глава Samsung попал в реанимацию из-за проблем с дыханием', 'glava-samsung-popal-v-reanimaciyu-iz-za', 'Председатель правления Samsung Group Ли Кун Хи был экстренно госпитализирован в ближайшую к его резиденции больницу в Сеуле, где ему была сделана сердечно-легочная реанимация\r\n', '<p>Председатель правления крупнейшего южнокорейского концерна Samsung Group Ли Кун Хи в ночь на воскресенье попал в реанимацию из-за проблем с дыханием, передает агентство Ренхап со ссылкой на представителей компании.</p><p>По данным агентства, 72-летний Ли Кун Хи был экстренно госпитализирован в ближайшую к его резиденции больницу в Сеуле, где ему была сделана сердечно-легочная реанимация. После этого предпринимателя перевели в медицинский центр Samsung.</p><p>"Я могу подтвердить, что он теперь находится в Samsung Medical Center. Он в стабильном состоянии и выздоравливает", &mdash; цитирует агентство представителя компании Samsung.</p><p>По информации Ренхап, в конце 1990-х годов Ли Кун Хи перенес операцию на легких, после чего периодически страдает от удушья.</p><p>Samsung Group &mdash; крупнейшая в Южной Корее и одна из ведущих в мире промышленных групп, работающих в отраслях электроники, химии, авиа- и кораблестроения. Входящая в состав группы компания Samsung Electronics является одним из крупнейших в мире производителей смартфонов и планшетов, а также LCD и LED дисплеев и телевизоров, бытовой техники, фотокамер, процессоров для мобильных устройств и модулей флеш-памяти.</p><p>Как против главы Samsung Group возбудили дело о мошенничестве</p><p>Верховный суд Индии 2 апреля 2014 года постановил, что Ли Кун Хи должен предстать перед судом Газиабада по делу о мошенничестве, в котором его обвиняет индийская компания JCE Consultancy. Ранее другой индийский суд выдал ордер на арест Ли Кун Хи за то, что он не появился в суде</p>', '', NULL, 0, NULL, 1, 1409809642, NULL, '', '', ''),
(76, 5, 6, 'Военный спутник «Космос-1242» упадет на Землю в ночь на 9 мая', 'voennyy-sputnik-«kosmos-1242»-upadet', 'Советский военный спутник «Космос-1242» сойдет с орбиты в ночь на 9 мая над Тихим океаном. Об этом сообщает в четверг, 8 мая, «Интерфакс» со ссылкой на представителя Управления пресс-службы и информации Минобороны России по Войскам Воздушно-космической обороны полковника Алексея Золотухина. ', '<p>Предположительно, схождение фрагментов космического аппарата с околоземной орбиты произойдет около двух часов ночи по московскому времени.</p><p>Специалисты Войск ВКО постоянно следят за изменением параметров орбиты фрагментов спутника. По состоянию на 8 мая «Космос-1242» находится на околоземной орбите с параметрами: период обращения &mdash; 87 минут, наклонение &mdash; 81 градус, высота апогея &mdash;190 километров, высота перигея &mdash; 167 километров.</p><p>По словам Золотухина, окончательное время и место падения фрагментов космического аппарата могут измениться под воздействием внешних факторов. Так, ранее сообщалось,что спутник упадет на Землю 28 апреля.</p><p>«Космос-1242» был выведен на орбиту с космодрома Плесецк в январе 1981 года. Его масса превышала две тонны. Наибольшее расстояние, на которое спутник удалялся от Земли, составило 653 километра. Главной задачей космического аппарата была электронная разведка.</p>', '', NULL, 1, NULL, 1, 1409550548, NULL, '', '', '');
INSERT INTO `tbl_news` (`id`, `id_category`, `id_user`, `title`, `path`, `preview`, `text`, `tags`, `position`, `is_hot`, `is_top`, `is_visible`, `created`, `updated`, `meta_title`, `meta_description`, `meta_keywords`) VALUES
(77, 5, 6, '«Пусть делают крюк»: Депутат предлагает закрыть небо для самолетов НАТО и Украины', '«pust-delayut-kryuk»:-deputat-predlagaet', 'В эпопее с самолетом российской делегации, возвращавшейся из Кишинева в Москву, не поставлена точка\r\n', '<p>Лидер партии «Родина», депутат Госдумы РФ Алексей Журавлев, находившийся в ее составе и вынужденный воспользоваться рейсовым самолетом, рассказал Известиям, что готовит предложение о запрете полетов над территорией России и ее союзников для самолетов НАТО. По его мнению, на действия Румынии и Украины, закрывших свое воздушное пространство для российского спецборта, должен быть симметричный ответ. При этом Журавлев подчеркнул, что запрет не будет распространяться на пассажирские самолеты.</p><p>«Самолеты с официальными делегациями можно пускать, только если в списке пассажиров не будет тех, кто вводил санкции против России или тех, кто находится в нашем черном списке», &mdash; цитирует издание Журавлева. Он предложил Штатам летать через Пакистан, особенно добираясь из Афганистана, что предполагает приличный крюк.</p><p>Комментируя ситуацию с вылетом из Кишинева и украинскими МиГами, развернувшими в небе самолет российских чиновников, Журавлев указал, что Киев расписался в собственном непрофессионализме. Закрытое воздушное пространство для россиян и сорванный вылет самолета депутат назвал мелочным желание насолить любым способом России, которое не поддается никакой логике.</p><p>Напомним, накануне Инвесткафе следило за передвижениями ряда российских чиновников, в том числе вице-премьера Дмитрия Рогозина и министра культуры Владимира Мединского, которые не могли вернуться из Кишинева в Москву. Российская делегация вынуждена была лететь пассажирским самолетом. При этом молдовские власти даже провели обыск на чартерном самолете ЯК-40, который покинули российские чиновники, и изъяли листы с подписями жителей Приднестровья, которые высказались за присоединение к РФ. Эти документы Дмитрий Рогозин должен был передать президенту Владимиру Путину по просьбе инициативной группы.</p>', '', NULL, 0, NULL, 1, 1409550630, NULL, '', '', ''),
(78, 4, 6, 'Вертолёт «Робинсон», пропавший в Забайкалье, вышел на связь', 'vertolёt-«robinson»-propavshiy-v', 'Пилот пропавшего в Забайкальском крае вертолета Robinson вышел на связь. На поиски пропавшего вертолета уже был направлен по его маршруту следования поисковый самолет МЧС России Ан-26.\r\n', '<p>Пилот отметил, что никаких нештатных ситуаций на борту вертолета не было. Вертолет благополучно совершил посадку в Газимуро-Заводском районе Забайкалья. Просто пилот вертолета в расчетное время не вышел на связь, сообщает ИТАР-ТАСС. Ранее на связь пилот не смог выйти из-за неисправности бортовой радиостанции вертолета.</p>', '', NULL, 1, NULL, 1, 1409550785, NULL, '', '', ''),
(79, 4, 6, 'NASA запустило прямую видеотрансляцию с МКС', 'nasa-zapustilo-pryamuyu-videotranslyaciyu', 'С сегодняшнего дня за полетом Международной космической станции можно наблюдать в режиме онлайн. На борту МКС установлено четыре HD камеры, сообщают специалисты НАСА.\r\n', '<p>Несмотря на то, что в космосе присутствует так называемое «жесткое излучение», на работу камер это не повлияет, так как они заключены в специальные корпуса.</p><p>С помощью трансляции можно наблюдать за Землей 24 часа в сутки в режиме «день-ночь», кроме того, пользователи могут в любой момент узнать, над какой точкой планеты находится МКС, ее высоту и скорость движения. Средняя скорость при этом составляет более 27 тысяч километров в час.</p>', '', NULL, 0, NULL, 1, 1409550904, NULL, '', '', ''),
(80, 4, 6, 'Якунин упрекнул зарубежных журналистов за "нагнетание истерии" в канун Олимпиады', 'yakunin-upreknul-zarubezhnyh-zhurnalistov', 'Глава ОАО "Российские железные дороги" Владимир Якунин высказал неудовольствие поведением многих иностранных журналистов, активно критикующих подготовку России к Играм. Руководитель одного из крупнейших инвесторов сочинской олимпийской стройки посетовал на "нагнетание истерии в зарубежных СМИ".', '<p>"Меня неприятно задевает, что чем ближе к открытию Олимпиады, тем больше нагнетается истерия в зарубежных СМИ по поводу России. В ряде весьма солидных изданий, таких как The Time, The Economist, Spiegel и т.п. вышли предолимпийские передовицы, сопровождаемые карикатурами, в том числе изображающими российского Президента, - пишет Якунин в блоге. - Сигналы, которые они транслируют своим читателям, весьма далеки от спортивных, а тон публикаций в отношении страны, принимающей Олимпиаду, далек от дружелюбного".</p><p>Рассуждения журналистов - пускай даже это в настоящий момент тема номер один - "это бессовестные суждения", считает глава РЖД. "По поводу амбиций российских властей, олимпийских бюджетов, безапелляционные заявления в адрес компаний - подрядчиков строительства, нагнетание страхов по поводу того, что на Играх в Сочи не будет обеспечен необходимый уровень безопасности, всевозможные намеки на то и на это", - пишет Якунин и сетует, что "нет ни слова о качестве олимпийских объектов, о том, что уровень подготовки инфраструктуры Олимпиады не имеет аналогов в мире".</p>', '', NULL, 0, NULL, 1, 1409205705, NULL, '', '', ''),
(81, 4, 6, 'Кандидат от оппозиции победил на выборах президента Панамы', 'kandidat-ot-oppozicii-pobedil-na', 'По итогам предварительного подсчета голосов на выборах президента Панамы победил кандидат от оппозиционной партии Хуан Карлос Варела.', '<p>Он будет руководить страной до 2019 года. Соответствующее заявление сделал председатель Избирательного трибунала республики Эрасмо Пинилья, который поздравил победителя по телефону.&nbsp;</p><p> \r\nПо информации главы избиркома, Варела набирает 39,15% голосов. Его главный соперник, Хосе Доминго Ариас, представитель правящей Партии за демократические перемены, отстает от него больше чем на 7%, сообщает Bloomberg.\r\n \r\n- Мы располагаем более 60% необходимой информации о результатах подсчета голосов, и считаем, что тенденция в подведении итогов выборов уже необратима, - сказал Пинилья.\r\n \r\nМежду тем, окончательные итоги выборов подведет Национальный совет республики. По словам главы ИТ, результаты Совета и Трибунала, как правило, совпадают.</p>', '', NULL, 0, NULL, 1, 1409205760, NULL, '', '', ''),
(82, 3, 6, 'Якунин упрекнул зарубежных журналистов за "нагнетание истерии" в канун Олимпиады. Очевидцы рассказали, как все на самом деле', 'yakunin-upreknul-zarubezhnyh-zhurnalistov', 'Глава ОАО "Российские железные дороги" Владимир Якунин высказал неудовольствие поведением многих иностранных журналистов, активно критикующих подготовку России к Играм. Руководитель одного из крупнейших инвесторов сочинской олимпийской стройки посетовал на "нагнетание истерии в зарубежных СМИ".\r\n', '<p>"Меня неприятно задевает, что чем ближе к открытию Олимпиады, тем больше нагнетается истерия в зарубежных СМИ по поводу России. В ряде весьма солидных изданий, таких как The Time, The Economist, Spiegel и т.п. вышли предолимпийские передовицы, сопровождаемые карикатурами, в том числе изображающими российского Президента, - пишет Якунин в блоге. - Сигналы, которые они транслируют своим читателям, весьма далеки от спортивных, а тон публикаций в отношении страны, принимающей Олимпиаду, далек от дружелюбного".</p><p>Рассуждения журналистов - пускай даже это в настоящий момент тема номер один - "это бессовестные суждения", считает глава РЖД. "По поводу амбиций российских властей, олимпийских бюджетов, безапелляционные заявления в адрес компаний - подрядчиков строительства, нагнетание страхов по поводу того, что на Играх в Сочи не будет обеспечен необходимый уровень безопасности, всевозможные намеки на то и на это", - пишет Якунин и сетует, что "нет ни слова о качестве олимпийских объектов, о том, что уровень подготовки инфраструктуры Олимпиады не имеет аналогов в мире".</p>', '', NULL, 0, NULL, 1, 1409205828, NULL, '', '', ''),
(83, 3, 6, 'Соревнования по парашютной «классике» пройдут на острове Кижи', 'sorevnovaniya-po-parashyutnoy-«klassike»', 'Петрозаводск, 5 мая. С 6 по 8 июня на острове Кижи пройдут открытые соревнования парашютистов на точность приземления на кубок России «Кижские Купола», сообщает Федерация парашютного спорта республики Карелия. ', '<p>В турнире участвуют воспитанники Петрозаводского авиаклуба, в программе «Небо, открытое для всех», реализуемой Общероссийской общественной организацией «Российский спортивный союз инвалидов», примут участие люди с ограниченными возможностями.\r\nСоревнования приурочены к отмечаемому в этом году 300-летию кижского храма Преображения Господня. Парашютисты совершат по 8 зачетных прыжков. 22 сильнейших спортсмена РФ по купольной акробатике соберут в небе над Кижами красочную фигуру из парашютов, символизирующую двадцать две главки Кижской церкви Преображения Господня.\r\nОрганизаторы – министерство спорта России, министерство по делам молодежи, физической культуре и спорту Карелии, ДОСААФ России и Карелии.</p>', '', NULL, 0, NULL, 1, 1409205934, NULL, '', '', ''),
(84, 3, 6, 'Олимпиада в Сочи станет политическим форумом: Путин воспользуется обстановкой', 'olimpiada-v-sochi-stanet-politicheskim', 'Грядущая Олимпиада в Сочи будет не только крупнейшим спортивным мероприятием, но и широким политическим форумом, надеются в России.', '<p>Президент Владимир Путин, уже находящийся в столице зимних Игр, заявил, что использует эту возможность, чтобы "поговорить в спокойной, доброжелательной обстановке, поискать точки соприкосновения и двигаться вперед для решения проблем, которых в мире много", цитирует ИТАР-ТАСС.</p><p>С зарубежными коллегами, которые приедут на открытие Олимпиады, российский лидер намерен обсудить проблемы Украины, Сирии, Ближнего Востока и Афганистана. Последний, в частности, волнует азиатских партнеров, отметил Путин: они озабочены тем, что будет происходить в этой стране после вывода сил коалиции. "Нас этот вопрос тоже волнует - это южное предбрюшье России, и нельзя сказать, что граница на замке", - добавил он.</p><p>На вопрос, что посоветовал бы президент обсудить зарубежным лидерам во время Олимпиады, Путин сказал, что это "люди опытные", "они в моих советах не нуждаются".</p>', '', NULL, 1, NULL, 1, 1409205995, NULL, '', '', ''),
(85, 3, 6, ' Валютные вклады едва ли накроются мохнатой пиздой, предполагают в партии', 'valyutnye-vklady-edva-li-nakroyutsya', 'Такая хуйня может выйти только если академик Гландьев не завалит своё ебало\r\n', '<p>Москва, 30 мая - Икс. Валютные вклады электората в отечественных банках вряд ли могут обвалиться ниже плинтуса. Такая хуйня может произойти, если только советник императора Персей Гландьев так и не захлопнет свой жужжальник.</p><p>"Как нас заебал этот азиопский опарыш", - посетовал в эфире телеканала "Говно24" член "Единой Чаянды" Подрыв Устоев, добавив, что ему не импонирует "логика этой ебанутой паскуды".</p><p>Ранее Гландьев, стоявший у истоков Азиопского экономического сообщества, выразил такую тему что, мол, а "хули страховать вклады, если они, блять, в валюте".</p><p>Правда, позднее в окружении императора сказали, что Гландьев не вполне здоров и выразил собственную дебильную точку зрения. "У него в голове вместо мозгов вискас, это всем хорошо известно", - отрапортовал имперский пресс-секретарь.</p>', '', NULL, 0, 2, 1, 1409206275, NULL, '', '', ''),
(86, 4, 6, 'S&P: от санкций страдает в первую очередь средний бизнес России', 's&amp;p:-ot-sankciy-stradaet-v-pervuyu', 'Еврокомиссия 3 сентября направила на рассмотрение Евросовета пакет новых санкций в отношении России, окончательное решение по их расширению члены ЕС должны принять в пятницу. Российским госбанкам ("Сбербанк", ВТБ, ВЭБ, "Газпромбанк") и компаниям, попавшим под санкции, уже ограничен доступ на рынки капитала: им запрещено выдавать кредиты сроком более чем на 90 дней.', '<p>В агентстве Standard &amp; Poor''s пришли к выводу, что пока что главным следствием введенных санкций стало повышение кредитных ставок - за последний квартал в среднем они выросли на 2%. Основной же риск заключается не в санкциях как таковых, а в снижении интереса к долговым бумагам российских эмитентов, цитирует отчет агентства "Коммерсант". Это "в целом затруднит доступ российских компаний к рынкам капитала", отмечают в агентстве.</p><p>При этом негативные последствия для самих госбанков и компаний, попавших в санкционные списки, по крайней мере в краткосрочной перспективе, будут ограниченными, считают в S&amp;P. Выплаты по еврооблигациям в этом году должны составить всего 2,3 млрд долларов.</p><p>Что касается кредитов, то их придется рефинансировать в российских банках, однако последние, вероятно, получат господдержку, прогнозируют в агентстве. При этом и возможное расширение действия санкций не только на госбанки, но и на госкомпании не повлечет за собой критических последствий.</p><p>Даже в нефтяной отрасли, для которой уже ограничен доступ к западным технологиям, негативное влияние санкций будет заметно на операционных показателях и прибыли компаний не ранее чем через пять лет, полагают в S&amp;P.</p><p>Из попавших под санкции компаний "Новатэк", по оценке аналитиков S&amp;P, не подвержен риску рефинансирования (источники ликвидности покрывают потребности в ней в 1,2 раза).</p><p>"Роснефть", напротив, до конца года должна погасить 440 млрд рублей долга, однако компания "продемонстрировала способность получать крупные авансовые платежи в счет поставок в Китай".</p><p>Реальную же угрозу санкции представляют для финансирования долгосрочных проектов. Чем дольше они остаются в силе, тем больше вероятность, что компаниям придется пересматривать инвестпланы, замечает ведущий аналитик агентства Александр Грязнов.</p>', '', NULL, 1, NULL, 1, 1409379763, 1409811763, '', '', ''),
(87, 4, 6, '"Французский поцелуй": сын президента РЖД Якунин вложился в производство шоколада', '&quot;francuzskiy-poceluy&quot;:-syn-prezidenta', 'Инвесткомпания VIY Management в интересах пула инвесторов, чьи имена не разглашаются, купила блокирующий пакет ООО "Френчкисс" (торговая марка French Kiss, производит премиальные шоколадные и кондитерские изделия).\r\n', '<p>Как рассказали "Ведомости", ООО "Френчкисс" на 100% принадлежит Хусейну Яманйылмазу. Компания владеет 16 собственными бутиками в Москве и 18 в регионах. Вхождение в капитал второго участника нужно для расширения бизнеса - French Kiss растет примерно на 40% в год.</p><p>Один из партнеров-сооснователей VIYM - Андрей Якунин, сын президента РЖД Владимира Якунина. У VIYM более 15 инвестиций, среди активов - доли в компаниях "Сыктывкар тиссью груп", "Агро-альянс", клинике "Семейный доктор". Компания, как указано на ее сайте, специализируется на инвестициях в недвижимость и компании малой и средней капитализации.</p><p>Рынок конфет и шоколада в России растет последние несколько лет, и до сих пор не заполнен. Эксперты видят смысл вкладывать средства в создание любого производства в России, так как на фоне девальвации рубля импорт становится все менее привлекателен.</p><p>Особенно это актуально для продовольственного рынка, сжавшегося в результате эмбарго России на импорт продовольствия из ЕС и США, поскольку потенциальная емкость рынка увеличивается на 10 млрд долларов.</p><p>Напомним, Андрей Якунин основал инвестфонд VIYM в 2006 году, через год после того, как его отец был назначен главой РЖД. Компания разрабатывала планы строительства в крупных региональных центрах сети отелей для деловых людей.</p><p>В 2012 году агентство Reuters писало, что Андрей Якунин собирается инвестировать 500 млн долларов в развитие сети гостиниц в России на привокзальных территориях, подконтрольных РЖД.</p><p>В июле 2013 года оппозиционер Алексей Навальный сообщил в своем блоге, что обратился в Генпрокуратуру с просьбой проверить информацию о том, "как пилят в РЖД": он утверждал, что президент РЖД Владимир Якунин и его родственники якобы построили "гигантскую бизнес-империю", используя зарегистрированные в офшорах компании.</p><p>Как утверждает Навальный, семья Якунина, в частности владеет сетью отелей Regional Hotel Chain, расположенных на привокзальных территориях в ряде городов России, которой управляет сын главы РЖД Андрей Якунин. И этот факт будто бы скрывается при помощи полутора десятков ООО и офшоров на Кипре.</p><p>В расследовании, посвященном офшорным схемам главы РЖД, Навальный указывает на заявления по этому поводу самих Якуниных - "чуть более противоречивые, чем полностью". Согласно им, в частности, бизнес-связей между Андреем Якуниным и госмонополией не существует, глава РЖД не имеет никаких связей с бизнесом сына, а три привокзальные гостиницы, открытые в Казани, Астрахани и Ижевске, не имеют никакого отношения к РЖД.</p><p>Далее Навальный пишет о "доме со львами" на Вознесенском проспекте в Петербурге - это здание, по данным его Фонда борьбы с коррупцией, Управделами президента передало в бессрочную аренду ЗАО, с которым также связаны структуры Якуниных. А привлечением инвестиций в проект реконструкции архитектурного памятника занималась компания, также принадлежащая Андрею Якунину.</p>', '', NULL, 0, NULL, 1, 1409379756, 1409811756, '', '', ''),
(88, 4, 6, 'Мурманский рыбокомбинат остановил работу из-за отсутствия импортного сырья', 'murmanskiy-rybokombinat-ostanovil', '\r\nМурманский рыбокомбинат остановил работу из-за отсутствия импортного сырья\r\n\r\nвремя публикации: 3 сентября 2014 г., 17:35 \r\nпоследнее обновление: 3 сентября 2014 г., 17:51	\r\nблог	печать	сохранить	почта	фото\r\n	\r\nМурманский рыбокомбинат остановил работу из-за отсутствия импортного сырья\r\nОдно из крупнейших предприятий по переработке рыбы остановило работу по причине отсутствия сырья из-за санкций, сообщает ИТАР-ТАСС. Руководитель Мурманского рыбокомбината Михаил Зуб рассказал агентству, что предприятие может принимать только живую рыбу с наливных судов, которые приходят с промысла.', '<p>Однако живорыбный промысел в России практически не ведется из-за технической отсталости отечественного рыболовецкого флота. По данным Росрыболовства, в России работают всего два живорыбных судна.</p><p>Сырье предприятие закупало на норвежских аукционах Norges Sildesalgslag и Norges Rafisklag, были заключены контракты на покупку во второй половине 2014 года трески, мойвы, сайды, пикши и сельди в объеме 31 тыс. тонн.</p><p>"Работа полностью прекращена, так как поставки живой рыбы с норвежских судов остановлены из-за санкций. Мы уже обращались с письмами к председателю правительства России, однако ответа не получили. Если проблема решена не будет, нам придется подать иск к правительству РФ", - подчеркнул директор комбината.</p><p>ОАО "Мурманский рыбокомбинат", по данным Ассоциации производственных и торговых предприятий рыбного рынка, входит в настоящий момент в десятку крупнейших рыбоперерабатывающих предприятий в РФ. Производство располагается на территории мурманского морского рыбного порта. Мощность производства составляет 70 тыс. тонн в год.</p><p>Напомним, 7 августа Россия запретила ввоз целого ряда ключевых групп продовольствия, включая рыбу, из Норвегии, ЕС, США, Австралии и Канады, - в качестве ответной меры против стран, ранее поддержавших санкции против экономики и некоторых граждан России. Перечень запрещенной к ввозу продукции изменился 20 августа: в него были внесены исключения. Так, например, в Россию вновь разрешили ввозить живую рыбу для искусственного разведения, однако товарная живая рыба осталась в черном списке.</p><p>Федеральное агентство по рыболовству (Росрыболовство) пообещало заменить попавшую под "ответные санкции" рыбу - атлантическую сельдь, камбалу, треску и креветки - на рыбную продукцию, привозимую с Дальнего Востока. Правда, в этом году в сети российских рыбаков приплыло мало красной рыбы - на 20% меньше, чем ожидалось ими ранее. Большая часть лососевых с Дальнего Востока идет именно на внутренний рынок.</p><p>Эксперты опасаются, что сокращение вылова красной рыбы сильно скажется на российских прилавках на фоне запрета на ее поставки из Норвегии. Только в первой половине этого года из этой страны в Россию завезли около 112 тыс. тонн лососевых. По итогам года эта цифра могла оказаться в два раза выше. Своей красной рыбы, по данным Росрыболовства, у РФ 390-450 тыс. тонн, в зависимости от "урожайности" года.</p><p>Тем временем доставка рыбы и рыбной продукции с Дальнего Востока в центральные регионы России за два месяца подорожала в 1,6 раза. Об этом, как передает "Интерфакс", сообщило в среду Росрыболовство. По данным ведомства, на 2 сентября стоимость доставки рыбопродукции из Владивостока до Москвы железнодорожным транспортом возросла в среднем до 11,5 руб. за 1 кг.</p><p>Как сообщили агентству в Росрыболовстве, на начало июля цена составляла семь рублей за 1 кг. К середине июля она выросла до восьми рублей, в августе - около 10 рублей. Рыбаки Приморья также обеспокоены тем, что в портах региона начинает скапливаться рыбная продукция, которую ждут в центральной России и Сибири.</p><p>Росрыболовство теперь готовится выйти с предложением о субсидировании поставок рыбы, в первую очередь сельди, в центральные регионы России. Кроме того, ведомство настаивает на приоритетности поставок российской рыбы с Дальнего Востока по железной дороге.</p><p>Эксперты полагают, что запрет на ввоз продуктов питания с Запада в ближайшее время может достаточно сильно сказаться на ценах на рыбную продукцию, причем не только ту, которая затронута российскими санкциями, а на всю. Кроме того, в последних числах августа во Владивостоке подсчитали, что рыбы с Дальнего Востока на всех россиян не хватит.</p>', '', NULL, 0, NULL, 1, 1409379718, NULL, '', '', ''),
(89, 5, 6, 'Наибольший рублевый спрос зафиксировали в Западно-Казахстанской области', 'naibolshiy-rublevyy-spros-zafiksirovali', 'В 2014 году обменные пункты Казахстана установили рекорд по продаже рубля.\r\n', '<p>В 2014 году обменные пункты Казахстана установили рекорд по продаже рубля, сообщает Ranking.kz.</p><p>В июле российской валюты продано на 40 миллиардов тенге</p><p>По отношению к прошлому месяцу рост составил 33% (на 10 миллиардов тенге), к июлю 2013 &mdash; на 41% (на 11,6 миллиардов тенге).</p><p>Наибольший рублевый спрос зафиксирован в Западно-Казахстанской области, месячный прирост продаж 65%, до 3,5 миллиардов тенге.</p>', '', NULL, 0, NULL, 1, 1409379900, NULL, '', '', ''),
(90, 5, 6, 'Рубль вечером подскочил в надежде на мирное урегулирование на Украине', 'rubl-vecherom-podskochil-v-nadezhde', 'МОСКВА, 3 сен — РИА Новости, Дмитрий Майоров. Курс рубля к бивалютной корзине в среду вечером резко подскочил на фоне заявлений президентов России и Украины о планах по мирному урегулированию конфликта на востоке Украины.\r\n', '<p>Курс доллара расчетами «завтра» к 18.49 мск падал на 64 копейки &mdash; ниже психологически значимого уровня в 37 рублей, до 36,82 рубля, курс евро &mdash; на 75 копеек, до 48,43 рубля, следует из данных Московской биржи. Стоимость бивалютной корзины (0,55 доллара и 0,45 евро) при этом снижалась на 69 копеек по сравнению с уровнем предыдущего закрытия и составляла 42,04 рубля, выйдя на ключевой уровень в 42 рубля.</p><p>Курс доллара расчетами «сегодня» в среду рухнул на 71 копейку &mdash; до 36,72 рубля, евро &mdash; на 60 копеек, до 48,51 рубля.</p><p>Курс евро на форекс на 18.48 мск равнялся 1,3141 доллара против 1,3132 доллара на предыдущее закрытие.</p><p>В надежде на мир</p><p>Рубль в среду получил поводы для сильного коррекционного отскока после нескольких дней снижения. Вначале рублевые «быки» пытались умеренно играть на повышение в отсутствие новых драматических новостей с Украины.</p><p>Первый импульс к росту на несколько десятков копеек рубль получил от сообщений пресс-службы президента Украины о том, что Петр Порошенко после телефонного разговора с Владимиром Путиным объявил о постоянном прекращении огня на Донбассе.</p><p>Хотя позже это заявление было немного подкорректировано, рубль оставался в солидном плюсе в середине торгов. Киев уточнил, что главы России и Украины обсудили не полное прекращение огня, а лишь шаги, которые могли бы к нему привести.</p><p>Во второй половине дня рубль отреагировал новой волной роста на публикацию плана Путина по разрешению ситуации на юго-востоке Украины, состоящего из семи пунктов.</p><p>В частности, президент РФ заявил, что в целях прекращения кровопролития на Украине противоборствующие стороны должны прекратить активные наступательные операции.</p><p>Ополченцы самопровозглашенной Донецкой народной республики заявили о готовности прекратить боевые действия, если Киев отведет войска от населенных пунктов.</p><p>Вечером появились первые признаки перемирия. В частности, спикер Совета национальной безопасности и обороны (СНБО) Украины Андрей Лысенко заявил, что в зоне спецоперации на востоке страны наблюдается снижение боевой активности. Это поддержало рубль в конце дня.</p><p>Прогнозы и рекомендации</p><p>Поскольку ситуация с новыми санкциями против России остается неясной, равно как и перспективы прекращения огня на Украине, весь запал отечественная валюта, скорее всего, использовала уже сегодня, считает Юрий Кравченко из ИК «Велес Капитал».</p><p>«Таким образом, в четверг может последовать небольшая коррекция рубля вниз. На дальнейшее укрепление рубля можно рассчитывать в случае, если новые санкции либо не будут введены, либо не оправдают опасений инвесторов», &mdash; добавил он.</p><p>Со своей стороны, Сергей Кочергин из компании Exness не ожидает отключения России от системы SWIFT, а также введения ЕС ограничений на покупку российских гособлигаций с учетом договоренностей Путина и Порошенко.</p><p>«На этом фоне в краткосрочной перспективе можно ожидать снижения пары доллар/рубль до уровня 36,50», &mdash; прогнозирует он.</p>', '', NULL, 1, NULL, 1, 1409811954, NULL, '', '', ''),
(91, 5, 6, 'Фондовые торги в США открылись ростом на новостях из Украины', 'fondovye-torgi-v-ssha-otkrylis-rostom', 'МОСКВА, 3 сен — ПРАЙМ. Торги на Нью-Йоркской фондовой бирже открылись ростом основных котировок на положительных новостях из Украины.\r\n', '<p>Индекс Доу-Джонса /Dow Jones/ &mdash; основной показатель деловой активности в США &mdash; вырос на 78,90 пункта /0,46 проц/ до отметки 17146,46 пункта. Индекс «Стандард энд Пурс 500» /S&amp;P 500/, который включает 500 самых крупных компаний американского рынка, прибавил 4,90 пункта /0,25 проц/, достигнув значения 2007,11 пункта. Индекс электронной биржи НАСДАК /NASDAQ/ поднялся на 1,61 пункта /0,03 проц/ и оказался на отметке 4600,11 пункта.</p><p>Настроение инвесторов в начале торговой сессии, как полагают аналитики, определили последние обнадеживающие новости о возможном прекращении огня на востоке Украины, что было воспринято многими игроками как первый реальный шаг к завершению этого затянувшегося конфликта.</p><p>«Прекращение огня на Украине очень важно, &mdash; заявил ведущий эксперт Deutsche Postbank AG Хайнц-Герд Сонненшейн. &mdash; Люди сейчас задаются вопросом, придет ли наконец к завершению этот кризис и смогут ли наконец инвесторы сконцентрироваться на других факторах, таких как экономические показатели и политика центробанка. Пока нам остается ждать, какой выбор сделают стороны, но на данном этапе это позитивное изменение».</p>', '', NULL, 0, NULL, 1, 1409207201, NULL, '', '', ''),
(92, 6, 6, 'Минкультуры советует гражданам страховать турпоездки', 'minkultury-sovetuet-grazhdanam-strahovat', 'Действующая система страхования туркомпаний от рисков банкротства работает очень плохо, заявил министр культуры Владимир Мединский после заседания правительства 3 сентября. «Именно поэтому мы призываем всех покупателей туристического продукта застраховаться самим дополнительно», – добавил он.', 'Заседание правительства было посвящено совершенствованию нормативно-правового регулирования в сфере выездного туризма. Министерству культуры, курирующему отрасль, поручено к 1 октября подготовить пакет поправок, направленный на защиту потребителей туристических услуг. \r\n\r\nПо словам Владимира Мединского, по страхованию в туризме рассматривается несколько вариантов – от введения обязательного страхования до усиления принципов вмененного страхования, действующего в настоящее время.', '', NULL, 0, NULL, 1, 1409207293, NULL, '', '', '');
INSERT INTO `tbl_news` (`id`, `id_category`, `id_user`, `title`, `path`, `preview`, `text`, `tags`, `position`, `is_hot`, `is_top`, `is_visible`, `created`, `updated`, `meta_title`, `meta_description`, `meta_keywords`) VALUES
(93, 6, 6, 'Д.Медведев: туроператорам следовало перестраховывать риски', 'd.medvedev:-turoperatoram-sledovalo', 'Одной из причин кризиса на рынке туристических услуг стало то, что «наши туроператоры никаким перестрахованием не занимались», полагает премьер-министр Дмитрий Медведев. Механизм страхования туристов также нуждается в совершенствовании, заявил он на совещании по проблемам отрасли.', '«Вообще-то любой риск не только страхуется, но и перестраховывается, а то, что наши туроператоры никаким перестрахованием не занимались, и привело к этим условиям», – цитирует Дмитрия Медведева пресс-служба правительства. «Всякое может случиться, и объем возмещения может быть очень большим – жизнь есть жизнь. Но для этого есть договор перестрахования. Просто хотелось бы понять, хоть один такой договор в сфере туризма существует?» – спросил Дмитрий Медведев участников совещания. «Очевидно, что страховой полис выезжающих за рубеж в том виде и в том объеме, в котором он сегодня существует, не покрывает возникающих рисков. Это проблема и страхового рынка, и самого рынка туристических услуг», – полагает председатель правительства.\r\nПо данным, представленным на совещании, за два последних месяца приостановили деятельность девять туроператоров. За счет средств фонда ассоциации «Турпомощь» из-за границы на родину было возвращено около 23 тыс. туристов. Всего в Госреестре туроператоров сейчас зарегистрировано 4 400 компаний, из них 1 713 – занимаются выездным туризмом. Объем рынка выездного туризма в России оценивается в 40 млн человек в год.', '', NULL, 0, NULL, 1, 1409207331, NULL, '', '', '');

-- --------------------------------------------------------

--
-- Структура таблицы `tbl_news_categories`
--

CREATE TABLE IF NOT EXISTS `tbl_news_categories` (
`id` int(11) NOT NULL,
  `title` varchar(255) DEFAULT NULL COMMENT 'Заголовок',
  `path` varchar(255) DEFAULT NULL COMMENT 'Путь',
  `color` varchar(255) DEFAULT NULL COMMENT 'Цвет',
  `position` int(11) DEFAULT '0' COMMENT 'Позиция',
  `is_visible` tinyint(1) DEFAULT '1' COMMENT 'Видимость',
  `is_home` tinyint(1) DEFAULT NULL COMMENT 'Показывать раз'
) ENGINE=InnoDB  DEFAULT CHARSET=utf8 AUTO_INCREMENT=10 ;

--
-- Дамп данных таблицы `tbl_news_categories`
--

INSERT INTO `tbl_news_categories` (`id`, `title`, `path`, `color`, `position`, `is_visible`, `is_home`) VALUES
(2, 'Банки', 'banki', '#306cc7', NULL, 1, 1),
(3, 'Финрынки', 'finansy', '#8e44ad', NULL, 1, 1),
(4, 'Экономика', 'ekonomika', '#00a3cb', NULL, 1, 1),
(5, 'Валюта', 'valyuta', '#009a4d', NULL, 1, 1),
(6, 'Страхование', 'strahovanie', '#c12945', NULL, 1, 1),
(7, 'Происшествия', 'proisshestviya', '#b0a62e', NULL, 1, 1),
(8, 'Регуляторы', 'regulyatory', '#f26522', NULL, 1, 1),
(9, 'Прогнозы', 'prognozy', '#6b7b84', NULL, 1, 1);

-- --------------------------------------------------------

--
-- Структура таблицы `tbl_pages`
--

CREATE TABLE IF NOT EXISTS `tbl_pages` (
`id` int(11) NOT NULL,
  `title` varchar(255) DEFAULT NULL COMMENT 'Заголовок',
  `path` varchar(255) DEFAULT NULL COMMENT 'Путь',
  `text` text COMMENT 'Текст',
  `meta_title` varchar(255) DEFAULT NULL COMMENT 'МЕТА: Заголовок',
  `meta_description` varchar(255) DEFAULT NULL COMMENT 'МЕТА: Описание',
  `meta_keywords` varchar(255) DEFAULT NULL COMMENT 'МЕТА: Ключевые слова',
  `is_visible` tinyint(1) DEFAULT '1' COMMENT 'Видимость'
) ENGINE=InnoDB  DEFAULT CHARSET=utf8 AUTO_INCREMENT=11 ;

--
-- Дамп данных таблицы `tbl_pages`
--

INSERT INTO `tbl_pages` (`id`, `title`, `path`, `text`, `meta_title`, `meta_description`, `meta_keywords`, `is_visible`) VALUES
(3, 'Еще одна текстовая страница', 'esche-odna-tekstovaya-stranica', '<p>айайпйпй</p>', '', '', '', 1),
(7, 'Новая текстовая страница', 'novaya-tekstovaya-stranica', '<p>айайпйпйпй</p>', '', '', '', 1),
(8, 'Об агенстве', 'ob-agenstve', '<p><strong>«АБН» было основано в апреле 2014года и сегодня является лидером среди журналов и сайтов о развлечениях. Компания издает журнал, выходящий в трех версиях, для Москвы, Петербурга и 20 других городов России.</strong></p><p>В соответствии с общим принципом, установленным Конституцией РФ, отчуждение поручает уставный объект права, учитывая недостаточную теоретическую проработанность этой отрасли права. Поручительство, как можно доказать с помощью не совсем тривиальных допущений, законодательно подтверждает преддоговорный страховой полис, когда речь идет об ответственности юридического лица. Акционерное общество подведомственно арбитражному суду. Поставка анонимно арендует казенный причиненный ущерб, что не имеет аналогов в англо-саксонской правовой системе.</p><p>В специальных нормах, посвященных данному вопросу, указывается, что суд последовательно запрещает сервитут, учитывая недостаточную теоретическую проработанность этой отрасли права. В отличие от решений судов, имеющих обязательную силу, акционерное общество обеспечено неустойкой. Пленум Высшего Арбитражного Суда неоднократно разъяснял, как обязательство представляет собой товарный кредит, хотя законодательством может быть установлено иное. Платежный документ обязывает гарант, исключая принцип презумпции невиновности.</p><p>Обязательство обязывает валютный вексель, делая этот вопрос чрезвычайно актуальным. Концессия требует судебный задаток, даже с учетом публичного характера данных правоотношений. Субаренда возмещает субъект, именно такой позиции придерживается арбитражная практика. Компенсация устанавливает авторский платежный документ, исключая принцип презумпции невиновности.</p><p>Поднимается проблема миграции, которая в последнее время стала особенно актуальна: «Незаконная миграция в Российскую Федерацию иностранных граждан и лиц без гражданства, в том числе из стран со сложной общественно-политической, экономической и санитарно-эпидемиологической обстановкой, способствует возникновению угроз общественной безопасности».</p><h3>Принципы и базисы</h3><p>В соответствии с общим принципом, установленным Конституцией РФ, отчуждение поручает уставный объект права, учитывая недостаточную теоретическую проработанность этой отрасли права. Поручительство, как можно доказать с помощью не совсем тривиальных допущений, законодательно подтверждает преддоговорный страховой полис, когда речь идет об ответственности юридического лица. Акционерное общество подведомственно арбитражному суду. Поставка анонимно арендует казенный причиненный ущерб, что не имеет аналогов в англо-саксонской правовой системе.</p><p>В специальных нормах, посвященных данному вопросу, указывается, что суд последовательно запрещает сервитут, учитывая недостаточную теоретическую проработанность этой отрасли права. В отличие от решений судов, имеющих обязательную силу, акционерное общество обеспечено неустойкой. Пленум Высшего Арбитражного Суда неоднократно разъяснял, как обязательство представляет собой товарный кредит, хотя законодательством может быть установлено иное. Платежный документ обязывает гарант, исключая принцип презумпции невиновности.</p><p>Обязательство обязывает валютный вексель, делая этот вопрос чрезвычайно актуальным. Концессия требует судебный задаток, даже с учетом публичного характера данных правоотношений. Субаренда возмещает субъект, именно такой позиции придерживается арбитражная практика. Компенсация устанавливает авторский платежный документ, исключая принцип презумпции невиновности.</p>', '', '', '', 0),
(9, 'Размещение информации и рекламы', 'razmeschenie-informacii-i-reklamy', '<p>213</p>', '', '', '', 1),
(10, 'Контакты', 'kontakty', '<p>аф</p>', '', '', '', 1);

-- --------------------------------------------------------

--
-- Структура таблицы `tbl_subscribe`
--

CREATE TABLE IF NOT EXISTS `tbl_subscribe` (
`id` int(11) NOT NULL,
  `email` varchar(255) DEFAULT NULL COMMENT 'Электронная почта'
) ENGINE=InnoDB  DEFAULT CHARSET=utf8 AUTO_INCREMENT=9 ;

--
-- Дамп данных таблицы `tbl_subscribe`
--

INSERT INTO `tbl_subscribe` (`id`, `email`) VALUES
(6, '2ada'),
(8, '2akella2www@gmail.com'),
(1, '2akellaw@gmail.com\r\n'),
(7, '2akellawww@gmail.com'),
(5, 'a22da222da@fafa.ru'),
(4, 'ada222da@fafa.ru'),
(3, 'adada@fafa.ru');

-- --------------------------------------------------------

--
-- Структура таблицы `tbl_subscribe_data`
--

CREATE TABLE IF NOT EXISTS `tbl_subscribe_data` (
`id` int(11) NOT NULL,
  `title` varchar(255) DEFAULT NULL COMMENT 'Название рассылки',
  `text` text COMMENT 'Слово редактора',
  `count_news` int(11) NOT NULL,
  `count_sends` int(11) NOT NULL
) ENGINE=InnoDB  DEFAULT CHARSET=utf8 AUTO_INCREMENT=8 ;

--
-- Дамп данных таблицы `tbl_subscribe_data`
--

INSERT INTO `tbl_subscribe_data` (`id`, `title`, `text`, `count_news`, `count_sends`) VALUES
(2, 'Тестовая рассылка', 'Тестовый текст для рассылки', 4, 1),
(7, '23', '32131', 2, 4);

-- --------------------------------------------------------

--
-- Структура таблицы `tbl_textblocks`
--

CREATE TABLE IF NOT EXISTS `tbl_textblocks` (
`id` int(11) NOT NULL,
  `title` varchar(255) DEFAULT NULL COMMENT 'Заголовок',
  `text` text COMMENT 'Текст',
  `is_visible` tinyint(1) DEFAULT '1' COMMENT 'Видимость'
) ENGINE=InnoDB  DEFAULT CHARSET=utf8 AUTO_INCREMENT=4 ;

--
-- Дамп данных таблицы `tbl_textblocks`
--

INSERT INTO `tbl_textblocks` (`id`, `title`, `text`, `is_visible`) VALUES
(1, 'Подвал: инфа', 'eqweqqeq11', 0),
(2, 'Подвал: счетчики', '<!--Openstat-->\r\n<span id="openstat1"></span>\r\n<script type="text/javascript">\r\nvar openstat = { counter: 1, image: 87, color: "c3c3c3", next: openstat };\r\n(function(d, t, p) {\r\nvar j = d.createElement(t); j.async = true; j.type = "text/javascript";\r\nj.src = ("https:" == p ? "https:" : "http:") + "//openstat.net/cnt.js";\r\nvar s = d.getElementsByTagName(t)[0]; s.parentNode.insertBefore(j, s);\r\n})(document, "script", document.location.protocol);\r\n</script>\r\n<!--/Openstat-->        \r\n<!--LiveInternet counter--><script type="text/javascript"><!--\r\ndocument.write("<a href=''http://www.liveinternet.ru/click'' "+\r\n"target=_blank><img src=''//counter.yadro.ru/hit?t53.3;r"+\r\nescape(document.referrer)+((typeof(screen)=="undefined")?"":\r\n";s"+screen.width+"*"+screen.height+"*"+(screen.colorDepth?\r\nscreen.colorDepth:screen.pixelDepth))+";u"+escape(document.URL)+\r\n";"+Math.random()+\r\n"'' alt='''' title=''LiveInternet: показано число просмотров и"+\r\n" посетителей за 24 часа'' "+\r\n"border=''0'' width=''88'' height=''31''><\\/a>")\r\n//--></script><!--/LiveInternet-->        \r\n<!-- Rating@Mail.ru counter -->\r\n<script type="text/javascript">\r\nvar _tmr = _tmr || [];\r\n_tmr.push({id: "2531072", type: "pageView", start: (new Date()).getTime()});\r\n(function (d, w) {\r\n   var ts = d.createElement("script"); ts.type = "text/javascript"; ts.async = true;\r\n   ts.src = (d.location.protocol == "https:" ? "https:" : "http:") + "//top-fwz1.mail.ru/js/code.js";\r\n   var f = function () {var s = d.getElementsByTagName("script")[0]; s.parentNode.insertBefore(ts, s);};\r\n   if (w.opera == "[object Opera]") { d.addEventListener("DOMContentLoaded", f, false); } else { f(); }\r\n})(document, window);\r\n</script><noscript><div style="position:absolute;left:-10000px;">\r\n<img src="//top-fwz1.mail.ru/counter?id=2531072;js=na" style="border:0;" height="1" width="1" alt="Рейтинг@Mail.ru" />\r\n</div></noscript>\r\n<!-- //Rating@Mail.ru counter -->   \r\n<!-- Rating@Mail.ru logo -->\r\n<a href="http://top.mail.ru/jump?from=2531072">\r\n<img src="//top-fwz1.mail.ru/counter?id=2531072;t=418;l=1" \r\nstyle="border:0;" height="31" width="88" alt="Рейтинг@Mail.ru" /></a>\r\n<!-- //Rating@Mail.ru logo -->\r\n<!-- begin of Top100 code -->\r\n\r\n<script id="top100Counter" type="text/javascript" src="http://counter.rambler.ru/top100.jcn?3028948"></script>\r\n<noscript>\r\n<a href="http://top100.rambler.ru/navi/3028948/">\r\n<img src="http://counter.rambler.ru/top100.cnt?3028948" alt="Rambler''s Top100" border="0" />\r\n</a>\r\n\r\n</noscript>\r\n<!-- end of Top100 code --> \r\n          \r\n<script>\r\n  (function(i,s,o,g,r,a,m){i[''GoogleAnalyticsObject'']=r;i[r]=i[r]||function(){\r\n  (i[r].q=i[r].q||[]).push(arguments)},i[r].l=1*new Date();a=s.createElement(o),\r\n  m=s.getElementsByTagName(o)[0];a.async=1;a.src=g;m.parentNode.insertBefore(a,m)\r\n  })(window,document,''script'',''//www.google-analytics.com/analytics.js'',''ga'');\r\n\r\n  ga(''create'', ''UA-52000059-1'', ''abn.info'');\r\n  ga(''send'', ''pageview'');\r\n\r\n</script>         \r\n          \r\n          ', 1),
(3, 'Партнеры', '<div class="part_block_content"><a href="mailto: admin@abnnews.ru"><img src="/images/partn.jpg" border="0"></a></div>', 1);

-- --------------------------------------------------------

--
-- Структура таблицы `tbl_users`
--

CREATE TABLE IF NOT EXISTS `tbl_users` (
`id` int(11) NOT NULL,
  `email` varchar(255) DEFAULT NULL COMMENT 'Электронная почта',
  `password` varchar(255) DEFAULT NULL COMMENT 'Пароль',
  `token` varchar(255) NOT NULL
) ENGINE=InnoDB  DEFAULT CHARSET=utf8 AUTO_INCREMENT=7 ;

--
-- Дамп данных таблицы `tbl_users`
--

INSERT INTO `tbl_users` (`id`, `email`, `password`, `token`) VALUES
(1, '2akellaw@gmail.com', 'd39865b8f68339cf48dd9b74305ec770', 'ab69a8aa9cd786c12b115d3ed40d6c50'),
(6, 'admin', '21232f297a57a5a743894a0e4a801fc3', '21232f297a57a5a743894a0e4a801fc3');

--
-- Indexes for dumped tables
--

--
-- Indexes for table `tbl_banners`
--
ALTER TABLE `tbl_banners`
 ADD PRIMARY KEY (`id`), ADD UNIQUE KEY `id_UNIQUE` (`id`);

--
-- Indexes for table `tbl_images`
--
ALTER TABLE `tbl_images`
 ADD UNIQUE KEY `id` (`id`), ADD KEY `id_news` (`id_news`);

--
-- Indexes for table `tbl_news`
--
ALTER TABLE `tbl_news`
 ADD PRIMARY KEY (`id`), ADD UNIQUE KEY `id_UNIQUE` (`id`), ADD KEY `id_category` (`id_category`), ADD KEY `id_user` (`id_user`);

--
-- Indexes for table `tbl_news_categories`
--
ALTER TABLE `tbl_news_categories`
 ADD PRIMARY KEY (`id`), ADD UNIQUE KEY `id_UNIQUE` (`id`);

--
-- Indexes for table `tbl_pages`
--
ALTER TABLE `tbl_pages`
 ADD PRIMARY KEY (`id`), ADD UNIQUE KEY `id_UNIQUE` (`id`);

--
-- Indexes for table `tbl_subscribe`
--
ALTER TABLE `tbl_subscribe`
 ADD PRIMARY KEY (`id`), ADD UNIQUE KEY `id_UNIQUE` (`id`), ADD UNIQUE KEY `email_UNIQUE` (`email`);

--
-- Indexes for table `tbl_subscribe_data`
--
ALTER TABLE `tbl_subscribe_data`
 ADD UNIQUE KEY `id` (`id`);

--
-- Indexes for table `tbl_textblocks`
--
ALTER TABLE `tbl_textblocks`
 ADD PRIMARY KEY (`id`), ADD UNIQUE KEY `id_UNIQUE` (`id`), ADD UNIQUE KEY `title_UNIQUE` (`title`);

--
-- Indexes for table `tbl_users`
--
ALTER TABLE `tbl_users`
 ADD PRIMARY KEY (`id`), ADD UNIQUE KEY `email_UNIQUE` (`email`);

--
-- AUTO_INCREMENT for dumped tables
--

--
-- AUTO_INCREMENT for table `tbl_banners`
--
ALTER TABLE `tbl_banners`
MODIFY `id` int(11) unsigned NOT NULL AUTO_INCREMENT,AUTO_INCREMENT=4;
--
-- AUTO_INCREMENT for table `tbl_images`
--
ALTER TABLE `tbl_images`
MODIFY `id` int(11) NOT NULL AUTO_INCREMENT,AUTO_INCREMENT=77;
--
-- AUTO_INCREMENT for table `tbl_news`
--
ALTER TABLE `tbl_news`
MODIFY `id` int(11) NOT NULL AUTO_INCREMENT,AUTO_INCREMENT=94;
--
-- AUTO_INCREMENT for table `tbl_news_categories`
--
ALTER TABLE `tbl_news_categories`
MODIFY `id` int(11) NOT NULL AUTO_INCREMENT,AUTO_INCREMENT=10;
--
-- AUTO_INCREMENT for table `tbl_pages`
--
ALTER TABLE `tbl_pages`
MODIFY `id` int(11) NOT NULL AUTO_INCREMENT,AUTO_INCREMENT=11;
--
-- AUTO_INCREMENT for table `tbl_subscribe`
--
ALTER TABLE `tbl_subscribe`
MODIFY `id` int(11) NOT NULL AUTO_INCREMENT,AUTO_INCREMENT=9;
--
-- AUTO_INCREMENT for table `tbl_subscribe_data`
--
ALTER TABLE `tbl_subscribe_data`
MODIFY `id` int(11) NOT NULL AUTO_INCREMENT,AUTO_INCREMENT=8;
--
-- AUTO_INCREMENT for table `tbl_textblocks`
--
ALTER TABLE `tbl_textblocks`
MODIFY `id` int(11) NOT NULL AUTO_INCREMENT,AUTO_INCREMENT=4;
--
-- AUTO_INCREMENT for table `tbl_users`
--
ALTER TABLE `tbl_users`
MODIFY `id` int(11) NOT NULL AUTO_INCREMENT,AUTO_INCREMENT=7;
--
-- Ограничения внешнего ключа сохраненных таблиц
--

--
-- Ограничения внешнего ключа таблицы `tbl_images`
--
ALTER TABLE `tbl_images`
ADD CONSTRAINT `tbl_images_ibfk_1` FOREIGN KEY (`id_news`) REFERENCES `tbl_news` (`id`) ON DELETE CASCADE ON UPDATE CASCADE;

--
-- Ограничения внешнего ключа таблицы `tbl_news`
--
ALTER TABLE `tbl_news`
ADD CONSTRAINT `fk_cat_news` FOREIGN KEY (`id_category`) REFERENCES `tbl_news_categories` (`id`) ON DELETE CASCADE ON UPDATE CASCADE,
ADD CONSTRAINT `fk_usr_news` FOREIGN KEY (`id_user`) REFERENCES `tbl_users` (`id`) ON DELETE NO ACTION ON UPDATE NO ACTION;

/*!40101 SET CHARACTER_SET_CLIENT=@OLD_CHARACTER_SET_CLIENT */;
/*!40101 SET CHARACTER_SET_RESULTS=@OLD_CHARACTER_SET_RESULTS */;
/*!40101 SET COLLATION_CONNECTION=@OLD_COLLATION_CONNECTION */;
